t,track,reference,motion,growth,trajectory,eligible,boundary,iou,q,x,width,area
0,0,0.0,,,,False,True,,104.46153846153852,104.46153846153852,211.07692307692307,43875.0
1,0,0.0,0.0,0.0,0.0,True,True,1.0,104.46153846153852,104.46153846153852,211.07692307692307,43875.0
2,0,1.3534147347811433e-16,1.3534147347811433e-16,0.0,1.3534147347811433e-16,True,True,1.0,104.4615384615385,104.46153846153852,211.07692307692307,43875.0
3,0,2.0301221021717148e-16,6.767073673905717e-17,0.0,2.0301221021717148e-16,True,True,1.0,104.46153846153848,104.46153846153852,211.07692307692307,43875.0
4,0,1.3534147347811433e-16,6.767073673905717e-17,0.0,1.3534147347811433e-16,True,True,1.0,104.4615384615385,104.46153846153852,211.07692307692307,43875.0
5,0,1.3534147347811433e-16,0.0,0.0,1.3534147347811433e-16,True,True,1.0,104.4615384615385,104.46153846153852,211.07692307692307,43875.0
6,0,1.3534147347811433e-16,0.0,0.0,1.3534147347811433e-16,True,True,1.0,104.4615384615385,104.46153846153852,211.07692307692307,43875.0
7,0,1.3534147347811433e-16,0.0,0.0,1.3534147347811433e-16,True,True,1.0,104.4615384615385,104.46153846153852,211.07692307692307,43875.0
8,0,0.4102564102564106,0.41025641025641046,0.0051151006667709,0.4102564102564106,True,False,0.010256410256410256,16.153846153846153,102.30769230769238,2.1538461538461537,450.0
8,1,0.2717948717948721,,,,False,False,,48.46153846153846,105.5384615384616,2.1538461538461537,450.0
9,0,0.38461538461538497,0.025641025641025633,0.0,0.38461538461538497,True,False,0.6666666666666666,21.538461538461537,102.30769230769238,3.230769230769231,675.0
9,1,0.30256410256410293,0.030769230769230795,0.0,0.030769230769230795,True,False,0.6666666666666666,43.07692307692307,106.61538461538468,3.230769230769231,675.0
10,0,0.3858974358974362,0.0012820512820512521,0.0,0.3858974358974362,True,False,0.75,20.192307692307693,101.2307692307693,4.3076923076923075,900.0
10,1,0.30256410256410293,0.0,0.0,0.030769230769230795,True,False,1.0,43.07692307692307,106.61538461538468,3.230769230769231,675.0
11,0,0.40000000000000024,0.014102564102564094,0.0,0.40000000000000024,True,False,0.25,16.153846153846153,100.15384615384622,1.0769230769230769,225.0
11,1,0.30256410256410293,0.0,0.0,0.030769230769230795,True,False,1.0,43.07692307692307,106.61538461538468,3.230769230769231,675.0
11,2,0.33333333333333365,,,,False,False,,32.30769230769231,102.30769230769238,1.0769230769230769,225.0
12,1,0.3294871794871798,0.026923076923076886,0.0,0.057692307692307716,True,False,0.75,36.34615384615385,105.5384615384616,4.3076923076923075,900.0
12,2,0.36666666666666703,0.03333333333333332,0.0,0.03333333333333333,True,False,0.5,24.23076923076923,101.2307692307693,2.1538461538461537,450.0
13,1,0.3294871794871798,0.0,0.0,0.057692307692307716,True,False,0.6,36.34615384615385,105.5384615384616,4.3076923076923075,900.0
13,2,0.32820512820512854,0.038461538461538464,0.0,0.005128205128205144,True,False,0.6666666666666666,32.30769230769231,101.2307692307693,3.230769230769231,675.0
14,1,0.3346153846153849,0.005128205128205144,0.0,0.06282051282051279,True,False,1.0,36.34615384615385,106.61538461538468,4.3076923076923075,900.0
14,2,0.40000000000000024,0.07179487179487178,0.0,0.0666666666666666,True,False,0.3333333333333333,16.153846153846153,100.15384615384622,1.0769230769230769,225.0
14,3,0.2564102564102568,,,,False,False,,48.46153846153846,102.30769230769238,1.0769230769230769,225.0
15,1,0.4307692307692311,0.09615384615384616,0.0,0.15897435897435902,True,False,0.25,16.153846153846153,106.61538461538468,1.0769230769230769,225.0
15,4,0.2871794871794875,,,,False,False,,48.46153846153846,108.76923076923083,1.0769230769230769,225.0
15,5,0.18974358974359004,,,,False,False,,64.61538461538461,104.46153846153852,1.0769230769230769,225.0
15,2,0.44615384615384646,0.04615384615384614,0.0,0.11282051282051275,True,True,0.3333333333333333,5.384615384615384,99.07692307692314,3.230769230769231,675.0
15,3,0.2564102564102568,0.0,0.0,0.0,True,False,1.0,48.46153846153846,102.30769230769238,1.0769230769230769,225.0
16,1,0.4256410256410259,0.005128205128205144,0.0,0.1538461538461538,True,False,1.0,16.153846153846153,105.5384615384616,1.0769230769230769,225.0
16,4,0.2820512820512823,0.005128205128205144,0.0,0.005128205128205144,True,False,1.0,48.46153846153846,107.69230769230775,1.0769230769230769,225.0
16,2,0.44615384615384646,0.0,0.0,0.11282051282051275,True,True,1.0,5.384615384615384,99.07692307692314,3.230769230769231,675.0
16,5,0.2153846153846157,0.02564102564102565,0.0,0.02564102564102565,True,False,1.0,64.61538461538461,109.84615384615391,1.0769230769230769,225.0
16,3,0.2564102564102568,0.0,0.0,0.0,True,False,1.0,48.46153846153846,102.30769230769238,1.0769230769230769,225.0
17,1,0.42051282051282085,0.005128205128205144,0.0,0.14871794871794874,True,False,1.0,16.153846153846153,104.46153846153852,1.0769230769230769,225.0
17,2,0.457692307692308,0.011538461538461553,0.0,0.12435897435897435,True,True,0.75,4.038461538461538,100.15384615384622,4.3076923076923075,900.0
17,4,0.2679487179487182,0.014102564102564094,0.0,0.01923076923076924,True,True,0.25,52.5,108.76923076923083,4.3076923076923075,900.0
17,3,0.2307692307692311,0.02564102564102565,0.0,0.02564102564102565,True,False,1.0,48.46153846153846,96.92307692307699,1.0769230769230769,225.0
18,2,0.46153846153846184,0.003846153846153845,0.0,0.1282051282051282,True,True,0.5,3.230769230769231,100.15384615384622,5.384615384615384,1125.0
18,4,0.2679487179487182,0.0,0.0,0.01923076923076924,True,True,1.0,52.5,108.76923076923083,4.3076923076923075,900.0
18,3,0.2717948717948721,0.04102564102564102,0.0,0.015384615384615365,True,False,1.0,48.46153846153846,105.5384615384616,1.0769230769230769,225.0
18,6,0.3025641025641029,,,,False,False,,32.30769230769231,95.84615384615391,1.0769230769230769,225.0
19,7,0.407692307692308,,,,False,True,,24.23076923076923,109.84615384615391,2.1538461538461537,450.0
19,2,0.47179487179487206,0.01025641025641024,0.0,0.1384615384615384,True,True,0.4,0.0,99.07692307692314,2.1538461538461537,450.0
19,4,0.1948717948717952,0.07307692307692304,0.0,0.09230769230769229,True,False,0.3333333333333333,64.61538461538461,105.5384615384616,4.3076923076923075,900.0
19,8,0.4871794871794875,,,,False,True,,0.0,102.30769230769238,1.0769230769230769,225.0
19,6,0.30769230769230804,0.005128205128205144,0.0,0.005128205128205144,True,False,1.0,32.30769230769231,96.92307692307699,1.0769230769230769,225.0
20,7,0.407692307692308,0.0,0.0,0.0,True,True,1.0,24.23076923076923,109.84615384615391,2.1538461538461537,450.0
20,2,0.4820512820512824,0.010256410256410288,0.0,0.1487179487179487,True,True,1.0,0.0,101.2307692307693,2.1538461538461537,450.0
20,4,0.18974358974359004,0.005128205128205144,0.0,0.09743589743589742,True,False,0.5,64.61538461538461,104.46153846153852,2.1538461538461537,450.0
20,8,0.45641025641025673,0.030769230769230795,0.0,0.030769230769230795,True,True,1.0,0.0,95.84615384615391,1.0769230769230769,225.0
20,9,0.20512820512820543,,,,False,False,,64.61538461538461,107.69230769230775,1.0769230769230769,225.0
20,6,0.3128205128205131,0.005128205128205076,0.0,0.01025641025641022,True,False,1.0,32.30769230769231,98.00000000000006,1.0769230769230769,225.0
21,7,0.39743589743589774,0.010256410256410288,0.0,0.010256410256410288,True,True,1.0,24.23076923076923,107.69230769230775,2.1538461538461537,450.0
21,2,0.4820512820512824,0.0,0.0,0.1487179487179487,True,True,1.0,0.0,101.2307692307693,2.1538461538461537,450.0
21,4,0.1948717948717952,0.005128205128205144,0.0,0.09230769230769229,True,False,0.5,64.61538461538461,105.5384615384616,1.0769230769230769,225.0
21,9,0.22564102564102592,0.02051282051282051,0.0,0.02051282051282051,True,False,1.0,64.61538461538461,112.00000000000006,1.0769230769230769,225.0
21,8,0.3461538461538465,0.11025641025641024,0.0,0.14102564102564102,True,True,0.25,24.23076923076923,96.92307692307699,4.3076923076923075,900.0
22,7,0.4410256410256413,0.0435897435897436,0.0,0.033333333333333263,True,True,0.5,16.153846153846153,108.76923076923083,1.0769230769230769,225.0
22,2,0.4923076923076926,0.01025641025641022,0.0,0.1589743589743589,True,True,0.5,0.0,103.38461538461544,1.0769230769230769,225.0
22,4,0.23333333333333367,0.03846153846153848,0.0,0.05384615384615381,True,True,0.5,56.53846153846153,105.5384615384616,2.1538461538461537,450.0
22,9,0.22564102564102592,0.0,0.0,0.02051282051282051,True,False,1.0,64.61538461538461,112.00000000000006,1.0769230769230769,225.0
22,8,0.3846153846153849,0.038461538461538464,0.0,0.1025641025641026,True,False,0.25,16.153846153846153,96.92307692307699,1.0769230769230769,225.0
22,10,0.2410256410256413,,,,False,False,,48.46153846153846,99.07692307692314,1.0769230769230769,225.0
23,7,0.4461538461538465,0.005128205128205144,0.0,0.03846153846153848,True,True,1.0,16.153846153846153,109.84615384615391,1.0769230769230769,225.0
23,4,0.2384615384615388,0.005128205128205144,0.0,0.04871794871794866,True,True,1.0,56.53846153846153,106.61538461538468,2.1538461538461537,450.0
23,2,0.4974358974358977,0.005128205128205144,0.0,0.16410256410256407,True,True,1.0,0.0,104.46153846153852,1.0769230769230769,225.0
23,11,0.14871794871794897,,,,False,False,,80.76923076923077,112.00000000000006,1.0769230769230769,225.0
23,9,0.14358974358974388,0.08205128205128204,0.0,0.06153846153846152,True,False,1.0,64.61538461538461,94.76923076923083,1.0769230769230769,225.0
23,8,0.38974358974358997,0.005128205128205076,0.0,0.09743589743589753,True,False,1.0,16.153846153846153,98.00000000000006,1.0769230769230769,225.0
23,10,0.24615384615384647,0.005128205128205144,0.0,0.005128205128205144,True,False,1.0,48.46153846153846,100.15384615384622,1.0769230769230769,225.0
24,7,0.4641025641025644,0.017948717948717954,0.0,0.056410256410256376,True,True,0.5,8.076923076923077,105.5384615384616,2.1538461538461537,450.0
24,4,0.2871794871794875,0.04871794871794866,0.0,0.0,True,True,0.5,48.46153846153846,108.76923076923083,1.0769230769230769,225.0
24,11,0.14358974358974388,0.005128205128205076,0.0,0.005128205128205076,True,False,0.5,80.76923076923077,110.92307692307699,2.1538461538461537,450.0
24,9,0.14871794871794902,0.005128205128205144,0.0,0.056410256410256376,True,False,1.0,64.61538461538461,95.84615384615391,1.0769230769230769,225.0
24,8,0.43846153846153874,0.048717948717948746,0.0,0.04871794871794877,True,True,0.5,8.076923076923077,100.15384615384622,2.1538461538461537,450.0
24,10,0.23589743589743617,0.010256410256410288,0.0,0.005128205128205144,True,False,1.0,48.46153846153846,98.00000000000006,1.0769230769230769,225.0
25,7,0.4948717948717951,0.03076923076923073,0.0,0.0871794871794871,True,True,1.0,8.076923076923077,112.00000000000006,2.1538461538461537,450.0
25,4,0.22820512820512853,0.05897435897435895,0.0,0.05897435897435895,True,True,0.5,56.53846153846153,104.46153846153852,2.1538461538461537,450.0
25,11,0.12820512820512847,0.015384615384615432,0.0,0.02051282051282051,True,False,1.0,80.76923076923077,107.69230769230775,2.1538461538461537,450.0
25,8,0.3846153846153849,0.05384615384615382,0.0,0.1025641025641026,True,True,0.6666666666666666,16.153846153846153,96.92307692307699,3.230769230769231,675.0
25,9,0.20000000000000034,0.0512820512820513,0.0,0.005128205128205076,True,False,0.3333333333333333,59.230769230769226,101.2307692307693,3.230769230769231,675.0
26,7,0.4948717948717951,0.0,0.0,0.0871794871794871,True,True,1.0,8.076923076923077,112.00000000000006,2.1538461538461537,450.0
26,4,0.18974358974359004,0.03846153846153848,0.0,0.09743589743589742,True,True,0.5,64.61538461538461,104.46153846153852,1.0769230769230769,225.0
26,11,0.12820512820512847,0.0,0.0,0.02051282051282051,True,False,0.6666666666666666,80.76923076923077,107.69230769230775,3.230769230769231,675.0
26,8,0.45128205128205157,0.06666666666666664,0.0,0.035897435897435936,True,True,0.3333333333333333,0.0,94.76923076923083,1.0769230769230769,225.0
26,9,0.207692307692308,0.007692307692307682,0.0,0.0025641025641026057,True,False,0.6666666666666666,56.53846153846153,100.15384615384622,2.1538461538461537,450.0
26,12,0.30769230769230804,,,,False,False,,32.30769230769231,96.92307692307699,1.0769230769230769,225.0
27,7,0.5000000000000002,0.005128205128205144,0.0,0.09230769230769226,True,True,1.0,8.076923076923077,113.07692307692314,2.1538461538461537,450.0
27,4,0.18974358974359004,0.0,0.0,0.09743589743589742,True,True,1.0,64.61538461538461,104.46153846153852,1.0769230769230769,225.0
27,11,0.12820512820512847,0.0,0.0,0.02051282051282051,True,False,1.0,80.76923076923077,107.69230769230775,3.230769230769231,675.0
27,8,0.45128205128205157,0.0,0.0,0.035897435897435936,True,True,1.0,0.0,94.76923076923083,1.0769230769230769,225.0
27,9,0.16923076923076955,0.03846153846153848,0.0,0.035897435897435874,True,False,0.5,64.61538461538461,100.15384615384622,1.0769230769230769,225.0
27,12,0.30769230769230804,0.0,0.0,0.0,True,False,1.0,32.30769230769231,96.92307692307699,1.0769230769230769,225.0
28,7,0.5102564102564106,0.010256410256410288,0.0,0.10256410256410253,True,True,1.0,8.076923076923077,115.2307692307693,2.1538461538461537,450.0
28,4,0.13846153846153875,0.0512820512820513,0.0,0.14871794871794874,True,True,0.3333333333333333,75.38461538461539,104.46153846153852,3.230769230769231,675.0
28,11,0.12820512820512847,0.0,0.0,0.02051282051282051,True,False,0.3333333333333333,80.76923076923077,107.69230769230775,1.0769230769230769,225.0
28,9,0.17435897435897468,0.005128205128205144,0.0,0.03076923076923073,True,False,1.0,64.61538461538461,101.2307692307693,1.0769230769230769,225.0
28,8,0.36923076923076953,0.08205128205128201,0.0,0.11794871794871797,True,True,0.2,19.384615384615383,96.92307692307699,5.384615384615384,1125.0
29,7,0.5153846153846157,0.005128205128205076,0.0,0.10769230769230762,True,True,1.0,8.076923076923077,116.30769230769236,2.1538461538461537,450.0
29,4,0.13846153846153875,0.0,0.0,0.14871794871794874,True,True,1.0,75.38461538461539,104.46153846153852,3.230769230769231,675.0
29,11,0.12820512820512847,0.0,0.0,0.02051282051282051,True,False,1.0,80.76923076923077,107.69230769230775,1.0769230769230769,225.0
29,9,0.17435897435897468,0.0,0.0,0.03076923076923073,True,False,1.0,64.61538461538461,101.2307692307693,1.0769230769230769,225.0
29,8,0.36923076923076953,0.0,0.0,0.11794871794871797,True,True,1.0,19.384615384615383,96.92307692307699,5.384615384615384,1125.0
30,7,0.5256410256410259,0.010256410256410288,0.0,0.1179487179487179,True,True,1.0,8.076923076923077,118.46153846153852,2.1538461538461537,450.0
30,4,0.12179487179487215,0.0166666666666666,0.0,0.16538461538461532,True,True,0.75,76.73076923076923,102.30769230769238,4.3076923076923075,900.0
30,11,0.12307692307692339,0.005128205128205076,0.0,0.025641025641025585,True,False,1.0,80.76923076923077,106.61538461538468,1.0769230769230769,225.0
30,9,0.21025641025641056,0.035897435897435874,0.0,0.005128205128205144,True,False,1.0,64.61538461538461,108.76923076923083,1.0769230769230769,225.0
30,8,0.3794871794871798,0.010256410256410237,0.0,0.10769230769230768,True,False,0.2,16.153846153846153,95.84615384615391,1.0769230769230769,225.0
30,13,0.23589743589743617,,,,False,False,,48.46153846153846,98.00000000000006,1.0769230769230769,225.0
31,7,0.5358974358974362,0.010256410256410288,0.0,0.1282051282051282,True,True,1.0,8.076923076923077,120.61538461538468,2.1538461538461537,450.0
31,4,0.11794871794871824,0.003846153846153909,0.0,0.16923076923076924,True,True,0.5,80.76923076923077,105.5384615384616,2.1538461538461537,450.0
31,14,0.056410256410256716,,,,False,False,,96.92307692307692,108.76923076923083,1.0769230769230769,225.0
31,11,0.09743589743589773,0.02564102564102565,0.0,0.05128205128205124,True,False,0.5,80.76923076923077,101.2307692307693,2.1538461538461537,450.0
31,8,0.3794871794871798,0.0,0.0,0.10769230769230768,True,False,1.0,16.153846153846153,95.84615384615391,1.0769230769230769,225.0
31,13,0.23589743589743617,0.0,0.0,0.0,True,False,1.0,48.46153846153846,98.00000000000006,1.0769230769230769,225.0
32,7,0.5410256410256413,0.005128205128205076,0.0,0.13333333333333328,True,True,1.0,8.076923076923077,121.69230769230775,2.1538461538461537,450.0
32,4,0.11794871794871824,0.0,0.0,0.16923076923076924,True,True,0.5,80.76923076923077,105.5384615384616,1.0769230769230769,225.0
32,14,0.05128205128205157,0.005128205128205144,0.0,0.005128205128205144,True,False,0.5,96.92307692307692,107.69230769230775,2.1538461538461537,450.0
32,11,0.10256410256410288,0.005128205128205144,0.0,0.046153846153846094,True,False,1.0,80.76923076923077,102.30769230769238,2.1538461538461537,450.0
32,8,0.4128205128205131,0.03333333333333332,0.0,0.07435897435897441,True,True,0.5,8.076923076923077,94.76923076923083,2.1538461538461537,450.0
32,13,0.19743589743589773,0.03846153846153844,0.0,0.03846153846153844,True,False,0.5,56.53846153846153,98.00000000000006,2.1538461538461537,450.0
33,7,0.5512820512820515,0.010256410256410288,0.0,0.14358974358974355,True,True,1.0,8.076923076923077,123.84615384615391,2.1538461538461537,450.0
33,4,0.11794871794871824,0.0,0.0,0.16923076923076924,True,True,1.0,80.76923076923077,105.5384615384616,1.0769230769230769,225.0
33,14,0.056410256410256716,0.005128205128205144,0.0,0.0,True,False,0.6666666666666666,96.92307692307692,108.76923076923083,3.230769230769231,675.0
33,11,0.10769230769230795,0.005128205128205076,0.0,0.04102564102564102,True,False,0.5,80.76923076923077,103.38461538461544,1.0769230769230769,225.0
33,8,0.4128205128205131,0.0,0.0,0.07435897435897441,True,True,1.0,8.076923076923077,94.76923076923083,2.1538461538461537,450.0
33,13,0.19743589743589773,0.0,0.0,0.03846153846153844,True,False,1.0,56.53846153846153,98.00000000000006,2.1538461538461537,450.0
34,7,0.5615384615384618,0.01025641025641022,0.0,0.15384615384615377,True,True,1.0,8.076923076923077,126.00000000000006,2.1538461538461537,450.0
34,4,0.11794871794871824,0.0,0.0,0.16923076923076924,True,True,1.0,80.76923076923077,105.5384615384616,1.0769230769230769,225.0
34,14,0.056410256410256716,0.0,0.0,0.0,True,False,1.0,96.92307692307692,108.76923076923083,3.230769230769231,675.0
34,11,0.10256410256410288,0.005128205128205076,0.0,0.046153846153846094,True,False,1.0,80.76923076923077,102.30769230769238,1.0769230769230769,225.0
34,8,0.45641025641025673,0.0435897435897436,0.0,0.030769230769230795,True,True,0.5,0.0,95.84615384615391,1.0769230769230769,225.0
34,13,0.20256410256410287,0.005128205128205144,0.0,0.0333333333333333,True,False,1.0,56.53846153846153,99.07692307692314,2.1538461538461537,450.0
34,15,0.2923076923076926,,,,False,False,,32.30769230769231,93.69230769230775,1.0769230769230769,225.0
35,7,0.5717948717948721,0.010256410256410288,0.0,0.16410256410256407,True,True,1.0,8.076923076923077,128.15384615384622,2.1538461538461537,450.0
35,14,0.06666666666666694,0.01025641025641022,1.1102230246251565e-16,0.01025641025641022,True,True,0.6,93.6923076923077,107.69230769230775,5.384615384615384,1125.0
35,11,0.10256410256410288,0.0,0.0,0.046153846153846094,True,False,1.0,80.76923076923077,102.30769230769238,1.0769230769230769,225.0
35,8,0.45128205128205157,0.005128205128205144,0.0,0.035897435897435936,True,True,1.0,0.0,94.76923076923083,1.0769230769230769,225.0
35,13,0.16923076923076955,0.03333333333333333,0.0,0.06666666666666664,True,False,0.5,64.61538461538461,100.15384615384622,1.0769230769230769,225.0
35,15,0.30769230769230804,0.015384615384615432,0.0,0.015384615384615432,True,False,1.0,32.30769230769231,96.92307692307699,1.0769230769230769,225.0
36,7,0.5717948717948721,0.0,0.0,0.16410256410256407,True,True,1.0,8.076923076923077,128.15384615384622,2.1538461538461537,450.0
36,14,0.03589743589743621,0.03076923076923073,0.0,0.02051282051282051,True,False,0.4,96.92307692307692,104.46153846153852,2.1538461538461537,450.0
36,16,0.05128205128205157,,,,False,False,,96.92307692307692,107.69230769230775,1.0769230769230769,225.0
36,11,0.10256410256410288,0.0,0.0,0.046153846153846094,True,False,1.0,80.76923076923077,102.30769230769238,1.0769230769230769,225.0
36,13,0.16923076923076955,0.0,0.0,0.06666666666666664,True,False,1.0,64.61538461538461,100.15384615384622,1.0769230769230769,225.0
36,15,0.3641025641025644,0.0564102564102564,0.0,0.07179487179487182,True,True,0.2,19.384615384615383,95.84615384615391,5.384615384615384,1125.0
37,7,0.32051282051282076,0.2512820512820513,0.0,0.08717948717948724,True,True,1.0,8.076923076923077,75.38461538461544,2.1538461538461537,450.0
37,14,0.03589743589743621,0.0,0.0,0.02051282051282051,True,False,1.0,96.92307692307692,104.46153846153852,2.1538461538461537,450.0
37,16,0.05128205128205157,0.0,0.0,0.0,True,False,1.0,96.92307692307692,107.69230769230775,1.0769230769230769,225.0
37,13,0.18717948717948746,0.017948717948717902,0.0,0.04871794871794873,True,False,0.5,72.6923076923077,112.00000000000006,2.1538461538461537,450.0
37,15,0.37948717948717975,0.015384615384615365,0.0,0.08717948717948718,True,True,1.0,19.384615384615383,99.07692307692314,5.384615384615384,1125.0
38,7,0.31025641025641054,0.01025641025641022,0.0,0.09743589743589746,True,True,1.0,8.076923076923077,73.2307692307693,2.1538461538461537,450.0
38,14,0.066666666666667,0.030769230769230795,0.0,0.010256410256410288,True,True,0.6666666666666666,96.92307692307692,110.92307692307699,3.230769230769231,675.0
38,16,0.046153846153846496,0.005128205128205076,0.0,0.005128205128205076,True,False,0.5,96.92307692307692,106.61538461538468,2.1538461538461537,450.0
38,13,0.1128205128205131,0.07435897435897434,0.0,0.12307692307692308,True,False,0.5,80.76923076923077,104.46153846153852,1.0769230769230769,225.0
38,15,0.3948717948717952,0.01538461538461538,0.0,0.1025641025641026,True,False,0.2,16.153846153846153,99.07692307692314,1.0769230769230769,225.0
38,17,0.2512820512820516,,,,False,False,,48.46153846153846,101.2307692307693,1.0769230769230769,225.0
39,7,0.30000000000000027,0.010256410256410288,0.0,0.10769230769230775,True,True,1.0,8.076923076923077,71.07692307692314,2.1538461538461537,450.0
39,14,0.066666666666667,0.0,0.0,0.010256410256410288,True,True,0.6666666666666666,96.92307692307692,110.92307692307699,2.1538461538461537,450.0
39,18,0.02051282051282017,,,,False,False,,113.07692307692307,108.76923076923083,1.0769230769230769,225.0
39,16,0.04102564102564135,0.005128205128205144,0.0,0.01025641025641022,True,False,1.0,96.92307692307692,105.5384615384616,2.1538461538461537,450.0
39,13,0.07179487179487208,0.04102564102564102,0.0,0.1641025641025641,True,False,1.0,80.76923076923077,95.84615384615391,1.0769230769230769,225.0
39,15,0.42820512820512846,0.03333333333333332,0.0,0.13589743589743586,True,True,0.5,8.076923076923077,98.00000000000006,2.1538461538461537,450.0
39,17,0.2512820512820516,0.0,0.0,0.0,True,False,1.0,48.46153846153846,101.2307692307693,1.0769230769230769,225.0
