t,track,leaf,support_samples,centroid_x,centroid_y,peak_x,peak_y,centroid_anchor_x,centroid_anchor_y,peak_anchor_x,peak_anchor_y
0,0,44,195,104.46153846153852,104.46153846153847,32.30769230769231,48.46153846153846,104.46153842999978,104.46153842999972,32.79365451621548,48.553504422406846
1,0,44,195,104.46153846153852,104.46153846153847,32.30769230769231,48.46153846153846,104.46153845803423,104.46153845803417,32.7936545162155,48.55350442240687
2,0,44,195,104.4615384615385,104.46153846153847,32.30769230769231,48.46153846153846,104.46153846114913,104.4615384611491,32.793654516215476,48.553504422406874
3,0,44,195,104.46153846153848,104.46153846153848,32.30769230769231,48.46153846153846,104.46153846149522,104.46153846149522,32.7936545162155,48.55350442240685
4,0,44,195,104.4615384615385,104.46153846153848,32.30769230769231,48.46153846153846,104.46153846153369,104.46153846153368,32.793654516215476,48.55350442240687
5,0,30,195,104.4615384615385,104.46153846153848,32.30769230769231,32.30769230769231,104.46153846153797,104.46153846153796,32.7936545162155,32.75082883712258
6,0,30,195,104.4615384615385,104.46153846153848,32.30769230769231,32.30769230769231,104.46153846153844,104.46153846153842,32.793654516215476,32.7889995510967
7,0,43,195,104.4615384615385,104.46153846153848,16.153846153846153,48.46153846153846,104.4615384615385,104.46153846153848,26.11607142857143,48.59582412703035
8,0,43,2,16.153846153846153,40.38461538461539,16.153846153846153,48.46153846153846,16.153846171404748,37.92925824175825,17.726829091966685,50.9168956043956
8,1,45,2,48.46153846153846,40.38461538461539,48.46153846153846,48.46153846153846,48.46153842158012,42.839972527472526,48.98586610563838,46.00618131868132
9,0,29,3,21.538461538461537,48.46153846153846,16.153846153846153,32.30769230769231,20.2714937846382,50.21153846153846,17.568174536971124,30.557692307692307
9,1,45,3,43.07692307692307,32.307692307692314,48.46153846153846,48.46153846153846,44.34389157065237,30.557692307692314,47.2802445875491,50.21153846153846
10,0,29,4,20.192307692307693,52.5,16.153846153846153,32.30769230769231,18.442307692307693,54.25,16.663904632413193,30.557692307692307
10,1,45,3,43.07692307692307,32.307692307692314,48.46153846153846,48.46153846153846,44.82692307692307,30.557692307692314,47.97737270620871,50.21153846153846
11,0,29,1,16.153846153846153,32.30769230769231,16.153846153846153,32.30769230769231,14.403846153846153,34.76304945054945,14.403846153846153,34.76304945054945
11,1,31,3,43.07692307692307,32.307692307692314,48.46153846153846,32.30769230769231,44.82692307692307,29.852335164835168,50.04984413220043,29.85233516483516
11,2,58,1,32.30769230769231,64.61538461538461,32.30769230769231,64.61538461538461,31.754556446812597,65.5422198409738,32.625042901945385,65.54221984228887
12,1,16,4,36.34615384615385,28.269230769230766,32.30769230769231,16.153846153846153,38.09615384615385,27.62223515260291,34.89697802197802,17.903846153846153
12,2,58,2,24.23076923076923,64.61538461538461,32.30769230769231,64.61538461538461,22.48076923076923,65.092544434856,29.71840659340659,62.86538461538461
13,1,16,4,36.34615384615385,20.192307692307693,32.30769230769231,16.153846153846153,38.09615384615385,20.106705686534514,34.96394230769231,17.163910345659165
13,2,58,3,32.30769230769231,64.61538461538461,32.30769230769231,64.61538461538461,30.557692307692307,64.68211593987171,29.651442307692307,63.605320423571605
14,1,15,4,36.34615384615385,20.192307692307693,16.153846153846153,16.153846153846153,44.926167582417584,19.2944543821161,13.631524725274726,16.574314690363725
14,2,57,1,16.153846153846153,64.61538461538461,16.153846153846153,64.61538461538461,11.721708771367025,66.93681318681318,18.67616758241758,66.93681318681318
14,3,59,1,48.46153846153846,64.61538461538461,48.46153846153846,64.61538461538461,39.88152472527472,62.293956043956044,50.751180745859564,62.293956043956044
15,1,15,1,16.153846153846153,16.153846153846153,16.153846153846153,16.153846153846153,31.575943292282915,13.698489010989015,32.398167502709285,13.698489010989015
15,4,17,1,48.46153846153846,16.153846153846153,48.46153846153846,16.153846153846153,51.50078164588094,16.73349823541594,52.44334011181101,17.72988597116054
15,5,46,1,64.61538461538461,48.46153846153846,64.61538461538461,48.46153846153846,67.43742656987327,46.00618131868132,68.37997199437358,46.72005893417623
15,2,57,3,5.384615384615384,48.46153846153845,16.153846153846153,64.61538461538461,2.37609022447726,50.91689560439559,11.099715070451861,67.07074175824175
15,3,59,1,48.46153846153846,64.61538461538461,48.46153846153846,64.61538461538461,30.433086149425773,67.07074175824175,31.255310359852146,62.160027472527474
16,1,15,1,16.153846153846153,16.153846153846153,16.153846153846153,16.153846153846153,31.40515861169924,13.698489010989007,31.276286280303623,13.698489010989007
16,4,17,1,48.46153846153846,16.153846153846153,48.46153846153846,16.153846153846153,51.485121841495236,16.73349823541606,51.36484694094434,16.81014344585762
16,2,42,3,5.384615384615384,48.46153846153846,0.0,48.46153846153846,2.5299228265478875,50.916895604395606,0.401785714285714,50.916895604395606
16,5,46,1,64.61538461538461,48.46153846153846,64.61538461538461,48.46153846153846,67.4217966403723,46.006181318681314,67.30151659416046,46.006181318681314
16,3,59,1,48.46153846153846,64.61538461538461,48.46153846153846,64.61538461538461,30.262301468842097,67.07074175824175,30.13342913744648,67.07074175824175
17,1,15,1,16.153846153846153,16.153846153846153,16.153846153846153,16.153846153846153,17.033738653825253,19.214629120879124,18.103253406562768,14.403846153846153
17,2,28,4,4.038461538461538,52.5,0.0,32.30769230769231,0.5357142857142858,52.349300606952006,0.5357142857142858,30.557692307692307
17,4,46,4,52.5,24.230769230769234,64.61538461538461,48.46153846153846,49.22728883985144,17.669986263736266,55.60507906040435,50.21153846153846
17,3,59,1,48.46153846153846,64.61538461538461,48.46153846153846,64.61538461538461,53.00309065934065,68.93378284944033,57.149721917547204,66.36538461538461
18,2,28,5,3.230769230769231,35.53846153846154,0.0,32.30769230769231,1.4807692307692302,52.19937644373087,0.6696428571428572,26.438587859046525
18,4,46,4,52.5,24.230769230769234,64.61538461538461,48.46153846153846,54.25,19.72370509077848,67.03502747252747,63.637706043956044
18,3,59,1,48.46153846153846,64.61538461538461,48.46153846153846,64.61538461538461,46.71153846153846,50.52080501515944,48.284495537527675,72.34287902625167
18,6,72,1,32.30769230769231,80.76923076923077,32.30769230769231,80.76923076923077,30.557692307692307,82.63455929880723,31.19166669431205,62.09306318681319
19,7,2,2,24.23076923076923,0.0,32.30769230769231,0.0,30.657623626373624,0.2678571428571429,35.73626373626374,0.2678571428571429
19,2,14,2,0.0,24.23076923076923,0.0,16.153846153846153,1.6785714285714288,32.94959103578586,1.678571428571429,26.20193336292094
19,4,32,4,64.61538461538461,40.38461538461539,64.61538461538461,32.30769230769231,68.20495792927626,31.271019607214427,68.04395604395604,24.523361934349513
19,8,56,1,0.0,64.61538461538461,0.0,64.61538461538461,0.13392857142857148,67.3188619334537,0.13392857142857176,65.89452386929753
19,6,72,1,32.30769230769231,80.76923076923077,32.30769230769231,80.76923076923077,27.688963287307978,84.13276005577244,28.879120879120876,80.53601773953908
20,7,2,2,24.23076923076923,0.0,32.30769230769231,0.0,30.657623626373624,0.26785714285714324,36.13804945054945,0.2678571428571429
20,2,14,2,0.0,24.23076923076923,0.0,16.153846153846153,0.2678571428571424,44.457168665241355,0.26785714285714135,40.81372891681582
20,4,18,2,64.61538461538461,24.23076923076923,64.61538461538461,16.153846153846153,66.22118045908718,18.66578908075185,68.44574175824175,12.581619235911095
20,8,56,1,0.0,64.61538461538461,0.0,64.61538461538461,2.0803571428571446,69.83459008598082,2.080357142857146,68.82209223841174
20,9,60,1,64.61538461538461,64.61538461538461,64.61538461538461,64.61538461538461,71.04223901098901,43.18038295095564,66.28734226450395,39.536943202530104
20,6,72,1,32.30769230769231,80.76923076923077,32.30769230769231,80.76923076923077,27.497426841121495,84.48169553119548,28.477335164835164,83.28298581987546
21,7,2,2,24.23076923076923,0.0,32.30769230769231,0.0,26.820054945054945,0.2678571428571429,34.49857940746067,0.2678571428571429
21,2,14,2,0.0,24.23076923076923,0.0,16.153846153846153,0.2678571428571429,46.811469780219774,0.2678571428571429,42.77300824175824
21,4,18,1,64.61538461538461,16.153846153846153,64.61538461538461,16.153846153846153,64.00269101325893,13.107234729449988,65.38576129245261,12.79867864702711
21,9,60,1,64.61538461538461,64.61538461538461,64.61538461538461,64.61538461538461,67.20467032967034,45.53468406593406,67.20467032967034,41.496222527472526
21,8,72,4,24.23076923076923,76.73076923076923,32.30769230769231,80.76923076923077,21.641483516483515,80.84902112471579,29.71840659340659,82.92195900424242
22,7,1,1,16.153846153846153,0.0,16.153846153846153,0.0,6.544332376138808,6.898351648351649,26.974820204930452,6.898351648351649
22,2,14,1,0.0,16.153846153846153,0.0,16.153846153846153,0.13392857142857145,5.7554945054945055,23.0521978021978,5.7554945054945055
22,4,18,2,56.53846153846153,8.076923076923077,64.61538461538461,16.153846153846153,40.018543956043956,13.1285068271992,66.06088575465837,18.765259892854584
22,9,60,1,64.61538461538461,64.61538461538461,64.61538461538461,64.61538461538461,41.56318681318681,63.755682360148896,71.65095315804015,63.76507978056003
22,8,71,1,16.153846153846153,80.76923076923077,16.153846153846153,80.76923076923077,42.706043956043956,86.02791359419288,4.703793139801013,86.2150842216036
22,10,73,1,48.46153846153846,80.76923076923077,48.46153846153846,80.76923076923077,60.77560697870755,80.9797276300095,21.909340659340657,81.36858183139466
23,7,1,1,16.153846153846153,0.0,16.153846153846153,0.0,6.599703600542719,0.13392857142857145,8.15234041834103,0.13392857142857145
23,4,3,2,56.53846153846153,8.076923076923077,48.46153846153846,0.0,41.71417994998313,6.967886187389511,37.7067391571842,1.6785714285714288
23,2,14,1,0.0,16.153846153846153,0.0,16.153846153846153,0.13392857142857142,13.832417582417584,0.13392857142857148,12.725274725274724
23,11,47,1,80.76923076923077,48.46153846153846,80.76923076923077,48.46153846153846,49.64010989010988,50.35453220126063,49.64010989010988,50.029481799547504
23,9,60,1,64.61538461538461,64.61538461538461,64.61538461538461,64.61538461538461,69.5338758577251,65.33220797770015,71.90106093229224,65.03536921632988
23,8,71,1,16.153846153846153,80.76923076923077,16.153846153846153,80.76923076923077,50.78296703296703,83.09065934065934,50.78296703296703,84.1978021978022
23,10,73,1,48.46153846153846,80.76923076923077,48.46153846153846,80.76923076923077,60.878610446244004,81.40677846826745,57.43027159924224,81.14194975666632
24,7,1,2,8.076923076923077,0.0,16.153846153846153,0.0,38.7345467032967,0.26785714285714346,42.77300824175824,0.2678571428571428
24,4,3,1,48.46153846153846,0.0,48.46153846153846,0.0,58.40613799989889,2.0803571428571432,59.14643275453854,2.0803571428571432
24,11,47,2,80.76923076923077,40.38461538461539,80.76923076923077,48.46153846153846,82.49937545094774,40.529975223558324,82.94477700403029,46.13911634900879
24,9,60,1,64.61538461538461,64.61538461538461,64.61538461538461,64.61538461538461,37.457760989010985,63.72919571534262,41.496222527472526,64.0728191822488
24,8,70,2,8.076923076923077,80.76923076923077,0.0,80.76923076923077,2.042791985121744,84.59958791208791,0.2678571428571429,84.59958791208791
24,10,73,1,48.46153846153846,80.76923076923077,48.46153846153846,80.76923076923077,35.3602810231453,80.36356986695267,35.55579253181199,80.7095060695331
25,7,0,2,8.076923076923077,0.0,0.0,0.0,13.816274541613344,0.26785714285714285,6.9726498672646136,0.2678571428571429
25,4,3,2,56.53846153846153,0.0,48.46153846153846,0.0,63.0992445054945,3.0789117455270834,58.99806709363347,3.3623206078123915
25,11,47,2,80.76923076923077,40.38461538461539,80.76923076923077,48.46153846153846,86.10375444249654,41.70154905875594,84.77271340863233,47.00100066916138
25,8,70,3,16.153846153846153,86.15384615384615,0.0,80.76923076923077,9.593063186813186,90.11813186813185,0.4017857142857144,84.73351648351648
25,9,74,3,59.230769230769226,75.38461538461539,64.61538461538461,80.76923076923077,53.654403226154606,75.0746150034133,56.0415477824463,78.8441112964099
26,7,0,2,8.076923076923077,0.0,0.0,0.0,1.6500686813186807,0.2678571428571423,0.26785714285714396,0.2678571428571429
26,4,4,1,64.61538461538461,0.0,64.61538461538461,0.0,71.04223901098901,2.0803571428571432,68.44574175824175,2.0803571428571432
26,11,47,3,80.76923076923077,48.46153846153846,80.76923076923077,48.46153846153846,86.83365785721355,46.537443642323744,84.59958791208791,46.27508358672176
26,8,70,1,0.0,80.76923076923077,0.0,80.76923076923077,2.926854395604395,84.59958791208791,2.698529807886817,84.59958791208791
26,9,74,2,56.53846153846153,80.76923076923077,64.61538461538461,80.76923076923077,54.20037352474923,78.34597571257764,60.78502747252747,78.18324587699563
26,12,86,1,32.30769230769231,96.92307692307692,32.30769230769231,96.92307692307692,31.72893340465132,100.75343406593406,31.738544520967334,100.75343406593406
27,7,0,2,8.076923076923077,0.0,0.0,0.0,1.6500686813186807,0.26785714285714285,0.2678571428571419,0.2678571428571429
27,4,4,1,64.61538461538461,0.0,64.61538461538461,0.0,71.04223901098901,2.0803571428571432,68.44574175824175,2.0803571428571432
27,11,33,3,80.76923076923077,48.46153846153846,80.76923076923077,32.30769230769231,87.09622662142287,46.43012629319911,84.59958791208791,35.20996472326878
27,8,70,1,0.0,80.76923076923077,0.0,80.76923076923077,2.926854395604395,84.59958791208791,2.401137521486838,84.59958791208791
27,9,74,1,64.61538461538461,80.76923076923077,64.61538461538461,80.76923076923077,61.59525453506862,77.2000859559697,61.02103695544735,76.93887362637363
27,12,86,1,32.30769230769231,96.92307692307692,32.30769230769231,96.92307692307692,31.76947100460395,100.75343406593406,31.304049474199896,100.74574018875006
28,7,0,2,8.076923076923077,0.0,0.0,0.0,6.326923076923077,0.2678571428571429,0.2678571428571428,0.2678571428571429
28,4,4,3,75.38461538461539,16.153846153846153,64.61538461538461,0.0,77.13461538461539,18.171703296703296,67.07074175824175,4.098214285714286
28,11,61,1,80.76923076923077,64.61538461538461,80.76923076923077,64.61538461538461,82.51923076923077,63.76905325301964,83.22458791208791,63.41909532514005
28,9,74,1,64.61538461538461,80.76923076923077,64.61538461538461,80.76923076923077,63.30109040394078,80.09041054019698,62.75438445539687,79.36934772040507
28,8,86,5,19.384615384615383,93.6923076923077,32.30769230769231,96.92307692307692,21.134615384615383,95.71016483516483,30.019239212631337,101.02129120879121
29,7,0,2,8.076923076923077,0.0,0.0,0.0,6.326923076923077,0.26785714285714296,0.2678571428571429,0.26785714285714285
29,4,19,3,75.38461538461539,16.153846153846153,80.76923076923077,16.153846153846153,77.13461538461539,18.171703296703296,83.22458791208791,18.171703296703296
29,11,61,1,80.76923076923077,64.61538461538461,80.76923076923077,64.61538461538461,82.51923076923077,63.8779368304305,80.531450883593,64.11582013797266
29,9,74,1,64.61538461538461,80.76923076923077,64.61538461538461,80.76923076923077,63.43230856207697,80.3211421267696,63.98232267339748,80.53246927359993
29,8,86,5,19.384615384615383,93.6923076923077,32.30769230769231,96.92307692307692,21.134615384615383,95.71016483516483,30.788397376674155,98.94093406593406
30,7,0,2,8.076923076923077,0.0,0.0,0.0,3.5353708791208724,0.2678571428571429,0.2678571428571429,0.2678571428571429
30,4,19,4,76.73076923076923,12.115384615384615,80.76923076923077,16.153846153846153,81.27232142857143,14.292932908961193,83.2915521978022,17.14758560756749
30,11,61,1,80.76923076923077,64.61538461538461,80.76923076923077,64.61538461538461,79.72767857142857,63.151489078464195,80.38664851401163,63.37276752724905
30,9,74,1,64.61538461538461,80.76923076923077,64.61538461538461,80.76923076923077,63.72325145912515,79.96802777751923,63.71327873577719,80.18696202812326
30,8,85,1,16.153846153846153,96.92307692307692,16.153846153846153,96.92307692307692,18.268276483813022,99.24450549450549,17.9309668254885,99.24450549450549
30,13,87,1,48.46153846153846,96.92307692307692,48.46153846153846,96.92307692307692,47.36799025784532,97.1185344825688,47.30558006915335,97.33815432159508
31,7,0,2,8.076923076923077,0.0,0.0,0.0,5.621565934065938,0.2678571428571429,0.2678571428571429,0.2678571428571429
31,4,19,2,80.76923076923077,8.076923076923077,80.76923076923077,16.153846153846153,83.22458791208791,10.398351648351646,83.22458791208791,16.522688744561158
31,14,48,1,96.92307692307692,48.46153846153846,96.92307692307692,48.46153846153846,99.37843406593406,47.78624098709551,99.37843406593406,48.669998489561856
31,11,75,2,80.76923076923077,72.6923076923077,80.76923076923077,80.76923076923077,78.7125919921602,71.31575711960342,78.40129487293925,78.4478021978022
31,8,85,1,16.153846153846153,96.92307692307692,16.153846153846153,96.92307692307692,17.860492516237787,99.24450549450549,17.46387781784959,99.24450549450549
31,13,87,1,48.46153846153846,96.92307692307692,48.46153846153846,96.92307692307692,46.928079643044676,98.10164835164835,46.555148882947165,98.10164835164835
32,7,0,2,8.076923076923077,0.0,0.0,0.0,5.621565934065934,0.2678571428571432,0.2678571428571423,0.267857142857143
32,4,5,1,80.76923076923077,0.0,80.76923076923077,0.0,83.22458791208791,2.9310053062273598,84.73351648351648,3.573608474375195
32,14,48,2,96.92307692307692,40.38461538461539,96.92307692307692,48.46153846153846,99.37843406593406,40.34053161801081,100.88736263736263,46.45621816331297
32,11,75,2,80.76923076923077,72.6923076923077,80.76923076923077,80.76923076923077,78.31387362637363,71.24668417464062,76.80494505494507,77.22986084091086
32,8,84,2,8.076923076923077,96.92307692307692,0.0,96.92307692307692,9.784205408217563,100.75343406593406,3.4834929522062716,100.75343406593406
32,13,87,2,56.53846153846153,96.92307692307692,48.46153846153846,96.92307692307692,54.083104395604394,96.6740331113131,46.901995927759586,97.45811591494305
33,7,0,2,8.076923076923077,0.0,0.0,0.0,5.621565934065934,0.26785714285714285,0.2678571428571422,0.26785714285714485
33,4,5,1,80.76923076923077,0.0,80.76923076923077,0.0,83.22458791208791,2.9296324036344235,84.73351648351648,2.9618191713156543
33,14,48,3,96.92307692307692,48.46153846153846,96.92307692307692,48.46153846153846,99.37843406593406,47.77439180720439,100.88736263736263,47.6178879443516
33,11,75,1,80.76923076923077,80.76923076923077,80.76923076923077,80.76923076923077,78.31387362637363,78.60325471928267,76.89621410735482,78.43716494110001
33,8,84,2,8.076923076923077,96.92307692307692,0.0,96.92307692307692,10.16982382369619,100.75343406593406,3.964285714285715,100.75343406593406
33,13,88,2,56.53846153846153,96.92307692307692,64.61538461538461,96.92307692307692,54.083104395604394,96.76391752086002,60.6510989010989,96.8063533082465
34,7,0,2,8.076923076923077,0.0,0.0,0.0,1.6500686813186807,0.2678571428571429,0.2678571428571429,0.2678571428571429
34,4,5,1,80.76923076923077,0.0,80.76923076923077,0.0,87.19608516483517,2.0803571428571432,84.59958791208791,2.0803571428571432
34,14,48,3,96.92307692307692,48.46153846153846,96.92307692307692,48.46153846153846,103.34993131868131,46.14715956722593,100.75343406593406,46.13262892834893
34,11,75,1,80.76923076923077,80.76923076923077,80.76923076923077,80.76923076923077,78.43217050555032,77.18926156716624,78.26150493093013,77.17392276048581
34,8,84,1,0.0,96.92307692307692,0.0,96.92307692307692,2.926854395604395,100.75343406593406,2.566640198627562,100.75343406593406
34,13,88,2,56.53846153846153,96.92307692307692,64.61538461538461,96.92307692307692,54.684324992850016,95.72520411387565,60.78502747252747,95.72745215226993
34,15,100,1,32.30769230769231,113.07692307692307,32.30769230769231,113.07692307692307,31.440418014762322,116.9072802197802,31.384532744131626,116.9072802197802
35,7,0,2,8.076923076923077,0.0,0.0,0.0,1.6500686813186807,0.2678571428571429,0.26785714285714335,0.2678571428571429
35,14,34,5,93.6923076923077,32.30769230769231,96.92307692307692,32.30769230769231,100.11916208791209,31.00087276982288,100.75343406593406,30.99975499815718
35,11,75,1,80.76923076923077,80.76923076923077,80.76923076923077,80.76923076923077,82.21560814475129,78.4478021978022,82.02383276029867,78.4478021978022
35,8,84,1,0.0,96.92307692307692,0.0,96.92307692307692,5.4793993099298826,99.24450549450549,3.830357142857143,99.24450549450549
35,13,88,1,64.61538461538461,96.92307692307692,64.61538461538461,96.92307692307692,65.76057521811076,94.60164835164835,65.43790808542461,94.60164835164835
35,15,100,1,32.30769230769231,113.07692307692307,32.30769230769231,113.07692307692307,35.29561707106862,115.39835164835164,35.11219549279985,115.39835164835164
36,7,0,2,8.076923076923077,0.0,0.0,0.0,5.68853021978023,0.2678571428571428,0.2678571428571429,0.2678571428571429
36,14,20,2,96.92307692307692,24.23076923076923,96.92307692307692,16.153846153846153,99.31146978021977,25.92985933233136,99.31146978021977,18.171703296703296
36,16,62,1,96.92307692307692,64.61538461538461,96.92307692307692,64.61538461538461,97.94442503257726,63.582829312234615,98.03468406593406,63.239100801161506
36,11,75,1,80.76923076923077,80.76923076923077,80.76923076923077,80.76923076923077,81.08292797984065,80.23634522956465,81.30688802264788,79.92208079291255
36,13,88,1,64.61538461538461,96.92307692307692,64.61538461538461,96.92307692307692,64.34912405698333,97.34940132088275,64.56186509795081,97.0351324719851
36,15,100,5,19.384615384615383,109.84615384615384,32.30769230769231,113.07692307692307,21.77300824175823,111.86401098901098,30.87368712191959,115.0947802197802
37,7,0,2,8.076923076923077,0.0,0.0,0.0,5.68853021978023,0.2678571428571429,0.2678571428571429,0.26785714285714296
37,14,20,2,96.92307692307692,24.23076923076923,96.92307692307692,16.153846153846153,99.31146978021977,26.248626373626372,99.31146978021977,18.171703296703296
37,16,62,1,96.92307692307692,64.61538461538461,96.92307692307692,64.61538461538461,97.80525447491635,64.26470917136497,98.03468406593406,63.832394009667446
37,13,89,2,72.6923076923077,96.92307692307692,80.76923076923077,96.92307692307692,71.75944912462039,96.46334841794878,78.38083791208793,96.03313850888854
37,15,100,5,19.384615384615383,109.84615384615384,32.30769230769231,113.07692307692307,21.77300824175823,111.86401098901098,31.97153164093344,115.0947802197802
38,7,0,2,8.076923076923077,0.0,0.0,0.0,5.554601648351646,0.2678571428571429,0.2678571428571429,0.2678571428571429
38,14,20,3,96.92307692307692,16.153846153846153,96.92307692307692,16.153846153846153,99.44539835164835,18.2443640376708,99.44539835164835,17.89242631732964
38,16,62,2,96.92307692307692,72.6923076923077,96.92307692307692,64.61538461538461,97.47779181299005,70.73571736647885,97.12110311726242,65.03903290226643
38,13,89,1,80.76923076923077,96.92307692307692,80.76923076923077,96.92307692307692,79.37290115385454,94.71192872921905,78.86998655743459,94.60164835164835
38,15,99,1,16.153846153846153,113.07692307692307,16.153846153846153,113.07692307692307,18.676167582417584,115.39835164835164,18.618449067534524,115.39835164835164
38,17,101,1,48.46153846153846,113.07692307692307,48.46153846153846,113.07692307692307,48.663668956310765,114.2554945054945,48.250053081317255,114.2554945054945
39,7,0,2,8.076923076923077,0.0,0.0,0.0,5.621565934065938,0.2678571428571429,0.26785714285714285,0.2678571428571429
39,14,6,2,96.92307692307692,8.076923076923077,96.92307692307692,0.0,99.37843406593406,9.86081878469858,99.37843406593406,3.964285714285715
39,18,49,1,113.07692307692307,48.46153846153846,113.07692307692307,48.46153846153846,115.5322802197802,46.89104741535749,115.5322802197802,47.07700445189898
39,16,76,2,96.92307692307692,72.6923076923077,96.92307692307692,80.76923076923077,96.21452903498174,70.70432061314351,96.18035447844731,76.80494505494507
39,13,89,1,80.76923076923077,96.92307692307692,80.76923076923077,96.92307692307692,78.31387362637363,94.90814619876028,78.31387362637363,95.06899152474074
39,15,99,2,8.076923076923077,113.07692307692307,16.153846153846153,113.07692307692307,9.985580305839973,115.46531593406591,15.328919209233723,117.04120879120877
39,17,101,1,48.46153846153846,113.07692307692307,48.46153846153846,113.07692307692307,46.88479832036266,114.1885302197802,46.845909063878956,115.59367937185047
