t,order,kkt,relaxed_kkt,raw_sse,relaxed_sns_bound
0,"(0,)",0.0,0.0,0.0,0.0
1,"(0,)",0.0,0.0,0.0,0.0
2,"(0,)",0.0,0.0,0.0,0.0
3,"(0,)",0.0,0.0,0.0,0.0
4,"(0,)",0.0,0.0,0.0,0.0
5,"(0,)",0.0,0.0,0.0,0.0
6,"(0,)",0.0,0.0,0.0,0.0
7,"(0,)",0.0,0.0,0.0,0.0
8,"(0, 1)",0.0,0.0,0.0,0.0
8,"(1, 0)",0.0,0.0,0.0,0.0
9,"(0, 1)",0.0,0.0,0.0,0.0
9,"(1, 0)",0.0,0.0,0.0,0.0
10,"(0, 1)",0.0,0.0,0.0,0.0
10,"(1, 0)",0.0,0.0,0.0,0.0
11,"(0, 2, 1)",1.9671127766683155e-16,0.0,623.616536388007,0.19553097337583158
11,"(1, 0, 2)",1.9671127766683155e-16,2.881758645985475e-16,280.1183326593255,0.0878293102401225
11,"(1, 2, 0)",2.9506691650024733e-16,0.0,623.616536388007,0.19553097337583158
11,"(2, 0, 1)",1.9671127766683155e-16,2.1613189844891058e-16,280.1183326593256,0.08782931024012251
12,"(0, 1)",0.0,0.0,0.0,0.0
12,"(1, 0)",0.0,0.0,0.0,0.0
13,"(0, 1)",0.0,0.0,0.0,0.0
13,"(1, 0)",0.0,0.0,0.0,0.0
14,"(0, 1, 2)",0.0,1.4561222054939122e-16,409.7126264061388,0.07388708428719479
14,"(0, 2, 1)",1.4561222054939122e-16,0.0,291.1920545449917,0.052513226323173096
14,"(1, 2, 0)",1.0799988511694307e-16,0.0,291.19205454499183,0.052513226323173096
14,"(2, 1, 0)",0.0,1.1073960736538175e-16,409.7126264061388,0.0738870842871948
15,"(0, 1, 2, 3, 4)",1.2594004567653793e-16,4.798470423314963e-16,4508.91360630463,0.20790308836229462
15,"(0, 1, 2, 4, 3)",4.798470423314963e-16,6.597896832058073e-16,3861.8027766786754,0.1780652267976362
15,"(1, 0, 2, 3, 4)",1.2594004567653793e-16,4.798470423314963e-16,4822.002249117729,0.22233940306146893
15,"(1, 0, 2, 4, 3)",3.1721141299546147e-16,2.3992352116574815e-16,4174.891419491774,0.19250154149681054
15,"(2, 0, 1, 3, 4)",2.734192338253778e-16,3.2811523256100613e-16,6141.674550248628,0.28318863881698636
15,"(2, 0, 1, 4, 3)",3.598852817486222e-16,3.329475583628108e-16,5494.563720622675,0.2533507772523279
15,"(2, 1, 0, 3, 4)",6.597896832058073e-16,1.2059643842042767e-16,5311.204122004283,0.2448961848244909
15,"(2, 1, 0, 4, 3)",1.3818650407843417e-16,1.799426408743111e-16,4664.093292378331,0.21505832325983243
15,"(3, 4, 0, 1, 2)",3.454662601960857e-16,7.197705634972444e-16,4664.09329237833,0.21505832325983246
15,"(3, 4, 1, 0, 2)",4.280572042249278e-16,2.6635787984497827e-16,5494.563720622675,0.2533507772523279
15,"(3, 4, 2, 0, 1)",3.598852817486222e-16,1.1996176058287406e-15,4174.891419491774,0.19250154149681054
15,"(3, 4, 2, 1, 0)",8.397323240801185e-16,5.398279226229333e-16,3861.8027766786763,0.17806522679763623
15,"(4, 3, 0, 1, 2)",8.397323240801185e-16,3.333646922604963e-16,5311.204122004282,0.2448961848244909
15,"(4, 3, 1, 0, 2)",8.397323240801185e-16,4.648299127947587e-16,6141.674550248629,0.28318863881698636
15,"(4, 3, 2, 0, 1)",4.1986616204005924e-16,9.596940846629926e-16,4822.002249117728,0.22233940306146893
15,"(4, 3, 2, 1, 0)",5.398279226229333e-16,3.597285844951383e-16,4508.913606304629,0.2079030883622947
16,"(0, 1, 3, 2, 4)",3.0585439664302093e-16,7.197705634972444e-16,4508.913606304629,0.20790308836229462
16,"(0, 1, 3, 4, 2)",7.797514437886814e-16,3.598852817486222e-16,3861.802776678675,0.17806522679763623
16,"(0, 3, 1, 2, 4)",1.6405154029522667e-16,7.797514437886814e-16,5843.017845003017,0.2694177714191613
16,"(0, 3, 1, 4, 2)",1.9024764632219013e-16,9.596940846629926e-16,5195.9070153770635,0.2395799098545028
16,"(1, 3, 0, 2, 4)",6.737589455923548e-17,5.998088029143703e-16,5476.028840318768,0.2524961459166954
16,"(1, 3, 0, 4, 2)",1.7273313009804286e-16,2.3992352116574815e-16,4828.918010692816,0.2226582843520369
16,"(2, 4, 0, 1, 3)",2.763730081568685e-16,1.8943971741815534e-16,4664.093292378329,0.21505832325983246
16,"(2, 4, 0, 3, 1)",2.4898312086538074e-16,7.197705634972444e-16,4828.918010692814,0.2226582843520369
16,"(2, 4, 1, 3, 0)",2.615905136930114e-16,7.197705634972444e-16,5195.907015377063,0.2395799098545028
16,"(2, 4, 3, 1, 0)",1.0796558452458667e-15,1.799426408743111e-16,3861.8027766786745,0.17806522679763626
16,"(3, 1, 0, 2, 4)",2.708456478268882e-16,3.598852817486222e-16,5311.204122004283,0.24489618482449096
16,"(3, 1, 0, 4, 2)",4.798470423314963e-16,4.798470423314963e-16,4664.09329237833,0.21505832325983246
16,"(4, 2, 0, 1, 3)",4.798470423314963e-16,2.5002351919537226e-16,5311.204122004282,0.2448961848244909
16,"(4, 2, 0, 3, 1)",2.0748593405448398e-16,2.9990440145718514e-16,5476.028840318769,0.2524961459166954
16,"(4, 2, 1, 3, 0)",1.4933762752380278e-16,3.2811523256100603e-16,5843.017845003016,0.2694177714191613
16,"(4, 2, 3, 1, 0)",1.799426408743111e-16,2.5189426865205405e-16,4508.913606304629,0.20790308836229465
17,"(0, 1, 2, 3)",3.6598546674164305e-16,1.8299273337082152e-16,1724.9941503549621,0.13106362925759626
17,"(1, 0, 2, 3)",3.049878889513692e-16,1.8299273337082152e-16,1469.3233459951284,0.1116379729400295
17,"(2, 0, 1, 3)",2.4399031116109537e-16,2.4399031116109537e-16,1965.7300286716313,0.14935454224313027
17,"(2, 1, 0, 3)",5.489782001124646e-16,3.6598546674164305e-16,3156.0635639381067,0.23979510004267204
17,"(3, 0, 1, 2)",1.8299273337082152e-16,2.4399031116109537e-16,3156.0635639381067,0.23979510004267204
17,"(3, 1, 0, 2)",2.4399031116109537e-16,1.2199515558054768e-16,1965.730028671631,0.14935454224313033
17,"(3, 2, 0, 1)",7.929685112735599e-16,1.090456542116307e-16,1469.3233459951284,0.11163797294002949
17,"(3, 2, 1, 0)",3.6598546674164305e-16,9.759612446443815e-16,1724.9941503549621,0.13106362925759626
18,"(0, 3, 1, 2)",4.142343983418594e-16,3.550580557215938e-16,2992.1864233065658,0.21204115305616522
18,"(0, 3, 2, 1)",3.550580557215938e-16,3.550580557215938e-16,1613.4574588170972,0.11433758849710392
18,"(1, 2, 0, 3)",4.142343983418594e-16,3.550580557215938e-16,2766.2943189760704,0.19603331948823172
18,"(1, 2, 3, 0)",1.1348983572712307e-16,1.1835268524053126e-16,1613.4574588170967,0.11433758849710396
18,"(2, 1, 0, 3)",2.958817131013282e-16,3.550580557215938e-16,4145.02328346554,0.29373688404729303
18,"(2, 1, 3, 0)",3.550580557215938e-16,8.284687966837188e-16,2992.186423306566,0.21204115305616525
18,"(3, 0, 1, 2)",4.73410740962125e-16,4.73410740962125e-16,4145.02328346554,0.293736884047293
18,"(3, 0, 2, 1)",1.4851316982920727e-16,4.73410740962125e-16,2766.294318976071,0.1960333194882317
19,"(0, 2, 1, 3, 4)",3.5014147867021085e-16,4.3767684833776355e-16,4758.257472596609,0.1365887050827328
19,"(0, 2, 3, 1, 4)",2.6260610900265815e-16,3.5014147867021085e-16,6895.222744431239,0.1979316065477472
19,"(0, 2, 4, 1, 3)",7.002829573404217e-16,5.252122180053163e-16,7214.8493184759955,0.20710668379193412
19,"(0, 2, 4, 3, 1)",7.878183270079744e-16,4.189390659150313e-16,7478.153394044539,0.21466498910265683
19,"(1, 3, 4, 0, 2)",4.3767684833776355e-16,1.7507073933510542e-16,7346.47483238432,0.21088507506313534
19,"(1, 3, 4, 2, 0)",1.7507073933510542e-16,1.7455794413126295e-16,7478.153394044538,0.21466498910265686
19,"(2, 0, 1, 3, 4)",5.252122180053163e-16,2.6260610900265815e-16,4626.5789109363905,0.1328087910432113
19,"(2, 0, 3, 1, 4)",6.12747587672869e-16,2.0365354730000608e-16,6763.544182771022,0.1941516925082257
19,"(2, 0, 4, 1, 3)",4.814445331715399e-16,3.063737938364345e-16,7083.170756815776,0.2033267697524126
19,"(2, 0, 4, 3, 1)",5.252122180053163e-16,2.400300213267004e-16,7346.474832384319,0.21088507506313536
19,"(3, 1, 4, 0, 2)",6.12747587672869e-16,2.6260610900265815e-16,7083.170756815777,0.20332676975241262
19,"(3, 1, 4, 2, 0)",1.7507073933510542e-16,1.7455794413126295e-16,7214.849318475996,0.20710668379193412
19,"(4, 1, 3, 0, 2)",4.3767684833776355e-16,3.6657638514001107e-16,6763.544182771021,0.1941516925082257
19,"(4, 1, 3, 2, 0)",4.3767684833776355e-16,1.0504244360106326e-15,6895.222744431239,0.1979316065477472
19,"(4, 3, 1, 0, 2)",9.50549631394056e-17,5.252122180053163e-16,4626.578910936391,0.13280879104321133
19,"(4, 3, 1, 2, 0)",7.440506421741981e-16,8.753536966755271e-17,4758.257472596609,0.13658870508273283
20,"(0, 2, 4, 1, 3, 5)",3.5014147867021085e-16,7.440506421741981e-16,10002.765990900625,0.18231912149311563
20,"(0, 2, 4, 1, 5, 3)",5.252122180053163e-16,1.4005659146808434e-15,9938.298037714776,0.18114407245168096
20,"(0, 2, 4, 3, 5, 1)",6.265321551159358e-16,4.177010441229393e-16,11851.979733849743,0.21602450112252786
20,"(0, 2, 4, 5, 3, 1)",7.878183270079744e-16,8.753536966755271e-16,10596.304414979058,0.19313746955292518
20,"(0, 4, 2, 1, 3, 5)",2.6260610900265815e-16,6.758932275307127e-16,11566.95711735774,0.21082943076981117
20,"(0, 4, 2, 1, 5, 3)",4.3767684833776355e-16,9.628890663430798e-16,11502.489164171891,0.20965438172837647
20,"(0, 4, 2, 3, 5, 1)",5.429941585834794e-16,6.565152725066454e-16,13416.170860306856,0.2445348103992234
20,"(0, 4, 2, 5, 3, 1)",7.175497987735961e-16,1.1817274905119617e-15,12160.495541436172,0.22164777882962064
20,"(1, 3, 5, 0, 2, 4)",1.7507073933510542e-16,1.838242763018607e-15,11084.245275430829,0.20203110448341216
20,"(1, 3, 5, 0, 4, 2)",1.7884150107362472e-16,3.5014147867021085e-16,11087.052071666203,0.20208226359523282
20,"(1, 3, 5, 2, 4, 0)",7.440506421741981e-16,7.002829573404217e-16,12160.495541436172,0.2216477788296207
20,"(1, 3, 5, 4, 2, 0)",1.0504244360106326e-15,3.5014147867021085e-16,10596.304414979058,0.19313746955292507
20,"(1, 5, 3, 0, 2, 4)",2.4466199329852435e-16,6.12747587672869e-16,12339.920594301511,0.22491813605301494
20,"(1, 5, 3, 0, 4, 2)",1.7507073933510542e-16,9.628890663430798e-16,12342.727390536887,0.22496929516483552
20,"(1, 5, 3, 2, 4, 0)",7.878183270079744e-16,4.52505916079829e-16,13416.170860306855,0.2445348103992233
20,"(1, 5, 3, 4, 2, 0)",5.252122180053163e-16,6.961684068715657e-16,11851.979733849741,0.21602450112252786
20,"(2, 4, 0, 1, 3, 5)",2.6260610900265815e-16,3.2695102452583117e-16,10493.51364758777,0.1912639155354233
20,"(2, 4, 0, 1, 5, 3)",1.7507073933510542e-16,1.225495175345738e-15,10429.04569440192,0.19008886649398857
20,"(2, 4, 0, 3, 5, 1)",6.12747587672869e-16,1.225495175345738e-15,12342.727390536886,0.2249692951648355
20,"(2, 4, 0, 5, 3, 1)",3.5014147867021085e-16,9.628890663430798e-16,11087.052071666203,0.20208226359523282
20,"(3, 5, 1, 0, 2, 4)",7.878183270079744e-16,5.252122180053163e-16,10426.238898166546,0.19003770738216805
20,"(3, 5, 1, 0, 4, 2)",2.2759196113563704e-15,2.8040741805395935e-16,10429.045694401924,0.19008886649398865
20,"(3, 5, 1, 2, 4, 0)",3.5014147867021085e-16,1.1379598056781852e-15,11502.489164171893,0.2096543817283765
20,"(3, 5, 1, 4, 2, 0)",3.5014147867021085e-16,3.0589900151341016e-16,9938.298037714776,0.18114407245168096
20,"(4, 2, 0, 1, 3, 5)",1.225495175345738e-15,4.3767684833776355e-16,10490.706851352397,0.19121275642360272
20,"(4, 2, 0, 1, 5, 3)",4.900698505388903e-16,5.252122180053163e-16,10426.238898166546,0.19003770738216802
20,"(4, 2, 0, 3, 5, 1)",5.2427569992540955e-16,1.1379598056781852e-15,12339.920594301513,0.22491813605301492
20,"(4, 2, 0, 5, 3, 1)",3.5014147867021085e-16,6.12747587672869e-16,11084.245275430829,0.2020311044834122
20,"(5, 3, 1, 0, 2, 4)",8.315860118417508e-16,3.1167305933335597e-16,10490.706851352397,0.19121275642360272
20,"(5, 3, 1, 0, 4, 2)",1.362242015889647e-16,3.5014147867021085e-16,10493.51364758777,0.1912639155354233
20,"(5, 3, 1, 2, 4, 0)",4.731101617737975e-16,3.7174127514189204e-16,11566.957117357742,0.2108294307698112
20,"(5, 3, 1, 4, 2, 0)",3.5014147867021085e-16,3.1167305933335587e-16,10002.765990900625,0.18231912149311566
21,"(0, 2, 3, 1, 4)",3.704082432032603e-16,1.6142144379590663e-16,7615.683320095242,0.20267234837114131
21,"(0, 2, 3, 4, 1)",1.6935572367929983e-16,1.8475893962263716e-16,8361.109731297787,0.22251000639161725
21,"(1, 4, 0, 2, 3)",9.064082681276535e-17,5.556123648048904e-16,7733.875882027831,0.2058177475533357
21,"(1, 4, 2, 0, 3)",3.704082432032603e-16,5.556123648048904e-16,9635.863250004237,0.2564343803934738
21,"(1, 4, 3, 0, 2)",5.556123648048904e-16,1.5396578301886427e-16,8389.351112257562,0.2232615800534656
21,"(1, 4, 3, 2, 0)",4.1409163075326005e-16,7.87117516806928e-16,8361.109731297787,0.2225100063916172
21,"(2, 0, 3, 1, 4)",1.8520412160163014e-16,7.408164864065206e-16,7643.924701055015,0.20342392203298967
21,"(2, 0, 3, 4, 1)",4.630103040040754e-16,7.408164864065206e-16,8389.35111225756,0.22326158005346555
21,"(3, 0, 2, 1, 4)",3.704082432032603e-16,9.260206080081507e-17,8890.436838801694,0.23659672237299798
21,"(3, 0, 2, 4, 1)",9.260206080081508e-16,2.1704063252685355e-16,9635.863250004237,0.2564343803934738
21,"(3, 2, 0, 1, 4)",5.556123648048904e-16,5.093113344044828e-16,6988.449470825285,0.18598008953285985
21,"(3, 2, 0, 4, 1)",1.389030912012226e-15,5.556123648048904e-16,7733.875882027831,0.20581774755333576
21,"(4, 1, 0, 2, 3)",1.8520412160163014e-16,5.556123648048904e-16,6988.449470825286,0.18598008953285988
21,"(4, 1, 2, 0, 3)",4.630103040040754e-16,8.334185472073356e-16,8890.436838801692,0.23659672237299798
21,"(4, 1, 3, 0, 2)",7.408164864065206e-16,2.1522859172787562e-16,7643.924701055016,0.20342392203298973
21,"(4, 1, 3, 2, 0)",6.482144256057055e-16,2.690357396598445e-16,7615.6833200952415,0.20267234837114134
22,"(0, 2, 3, 1, 4, 5)",4.083995611621077e-16,1.4769739915448526e-16,13187.891213948127,0.20840672465644935
22,"(0, 2, 3, 1, 5, 4)",3.2671964892968617e-16,4.900794733945292e-16,12803.037414179193,0.20232492442165498
22,"(1, 0, 2, 3, 4, 5)",5.309194295107399e-16,1.8786379813456954e-15,4922.813015549954,0.07779464662112276
22,"(1, 0, 2, 3, 5, 4)",9.801589467890584e-16,1.1435187712539016e-15,4537.959215781018,0.07171284638632835
22,"(1, 2, 0, 3, 4, 5)",3.6755960504589694e-16,7.351192100917939e-16,6827.946129206681,0.10790124560730567
22,"(1, 2, 0, 3, 5, 4)",8.167991223242154e-16,5.717593856269508e-16,6443.092329437746,0.10181944537251128
22,"(1, 3, 0, 2, 4, 5)",1.0618388590214799e-15,7.830580343616759e-17,17780.770048460443,0.2809874594468817
22,"(1, 3, 0, 2, 5, 4)",6.534392978593723e-16,4.900794733945292e-16,17395.91624869151,0.2749056592120873
22,"(1, 3, 2, 0, 4, 5)",1.9395085449733189e-16,8.167991223242154e-17,18386.850907650114,0.29056528540036636
22,"(1, 3, 2, 0, 5, 4)",1.2264953451270104e-16,1.6335982446484309e-16,18001.997107881172,0.2844834851655719
22,"(2, 0, 3, 1, 4, 5)",9.801589467890584e-16,4.083995611621077e-16,13211.310585025421,0.2087768182779808
22,"(2, 0, 3, 1, 5, 4)",3.2671964892968617e-16,4.900794733945292e-16,12826.456785256487,0.2026950180431864
22,"(3, 0, 2, 1, 4, 5)",5.717593856269508e-16,1.7152781568808523e-15,18006.391554512255,0.2845529300991253
22,"(3, 0, 2, 1, 5, 4)",1.993649076486726e-16,3.2671964892968617e-16,17621.53775474332,0.2784711298643309
22,"(3, 2, 0, 1, 4, 5)",4.083995611621077e-16,3.2671964892968617e-16,16730.75867112249,0.2643942506879586
22,"(3, 2, 0, 1, 5, 4)",4.900794733945292e-16,8.167991223242154e-16,16345.90487135356,0.25831245045316414
22,"(4, 5, 0, 2, 3, 1)",7.165835144917898e-16,4.083995611621077e-16,18001.997107881176,0.28448348516557204
22,"(4, 5, 1, 0, 2, 3)",1.6335982446484308e-15,1.1435187712539016e-15,16345.904871353556,0.25831245045316414
22,"(4, 5, 1, 2, 0, 3)",6.942792539755831e-16,5.717593856269508e-16,17621.53775474332,0.2784711298643309
22,"(4, 5, 1, 3, 0, 2)",1.1026788151376908e-15,8.167991223242154e-16,12826.456785256487,0.20269501804318643
22,"(4, 5, 1, 3, 2, 0)",1.6335982446484308e-15,1.3068785957187447e-15,12803.037414179194,0.20232492442165498
22,"(4, 5, 2, 0, 3, 1)",1.3068785957187447e-15,7.351192100917939e-16,17395.916248691505,0.2749056592120873
22,"(4, 5, 3, 0, 2, 1)",6.534392978593723e-16,1.0005789248471639e-15,6443.092329437744,0.10181944537251128
22,"(4, 5, 3, 2, 0, 1)",8.984790345566368e-16,8.984790345566368e-16,4537.959215781019,0.07171284638632835
22,"(5, 4, 0, 2, 3, 1)",6.534392978593723e-16,4.900794733945292e-16,18386.850907650114,0.29056528540036636
22,"(5, 4, 1, 0, 2, 3)",1.3068785957187447e-15,8.983143515751914e-17,16730.758671122494,0.2643942506879585
22,"(5, 4, 1, 2, 0, 3)",4.083995611621077e-16,1.3068785957187447e-15,18006.391554512255,0.2845529300991253
22,"(5, 4, 1, 3, 0, 2)",8.576390784404262e-16,6.534392978593723e-16,13211.310585025421,0.2087768182779808
22,"(5, 4, 1, 3, 2, 0)",5.717593856269508e-16,5.169408970406993e-16,13187.891213948127,0.20840672465644935
22,"(5, 4, 2, 0, 3, 1)",1.1435187712539016e-15,9.801589467890584e-16,17780.770048460443,0.28098745944688175
22,"(5, 4, 3, 0, 2, 1)",9.801589467890584e-16,6.534392978593723e-16,6827.946129206681,0.10790124560730567
22,"(5, 4, 3, 2, 0, 1)",7.351192100917939e-16,8.984790345566368e-16,4922.813015549955,0.07779464662112277
23,"(0, 1, 2, 3, 4, 5, 6)",1.7152781568808523e-15,1.0209989029052692e-15,10248.867865620387,0.11724091578094868
23,"(0, 1, 2, 3, 4, 6, 5)",1.8377980252294847e-15,3.1038366648320186e-15,9428.798357354033,0.10785981131030775
23,"(0, 1, 2, 3, 5, 6, 4)",1.7969580691132737e-15,4.083995611621077e-15,12104.899789957388,0.13847281040395296
23,"(0, 1, 2, 3, 6, 5, 4)",1.2251986834863232e-15,1.1843587273701123e-15,12327.462595642304,0.14101879572637158
23,"(1, 0, 2, 3, 4, 5, 6)",8.984790345566368e-16,7.881580052805066e-16,11061.401749181925,0.1265358172140485
23,"(1, 0, 2, 3, 4, 6, 5)",1.8786379813456954e-15,2.8587969281347538e-15,10241.332240915572,0.11715471274340762
23,"(1, 0, 2, 3, 5, 6, 4)",2.164517674159171e-15,2.2053576302753815e-15,12917.433673518924,0.14776771183705278
23,"(1, 0, 2, 3, 6, 5, 4)",2.0419978058105385e-15,1.2859420086155645e-15,13139.996479203846,0.1503136971594714
23,"(2, 0, 1, 3, 4, 5, 6)",1.7969580691132737e-15,1.1093065134839086e-15,7844.502587238696,0.08973641569318982
23,"(2, 0, 1, 3, 4, 6, 5)",1.7152781568808523e-15,4.492395172783184e-16,7024.433078972341,0.0803553112225489
23,"(2, 0, 1, 3, 5, 6, 4)",1.4702384201835877e-15,1.6335982446484308e-15,9700.534511575697,0.11096831031619407
23,"(2, 0, 1, 3, 6, 5, 4)",6.217923974103936e-16,1.9603178935781167e-15,9923.097317260615,0.11351429563861265
23,"(2, 1, 0, 3, 4, 5, 6)",2.858796928134754e-16,8.167991223242154e-16,10300.53814341259,0.11783175609414115
23,"(2, 1, 0, 3, 4, 6, 5)",3.0890566571670243e-16,1.7652315693885899e-16,9480.468635146237,0.10845065162350025
23,"(2, 1, 0, 3, 5, 6, 4)",6.431441125337508e-16,1.7969580691132737e-15,12156.570067749593,0.1390636507171454
23,"(2, 1, 0, 3, 6, 5, 4)",1.4702384201835877e-15,1.8786379813456954e-15,12379.132873434512,0.141609636039564
23,"(3, 0, 1, 2, 4, 5, 6)",5.717593856269508e-16,6.534392978593723e-16,20928.833093102785,0.23941332742643046
23,"(3, 0, 1, 2, 4, 6, 5)",1.8786379813456954e-15,7.351192100917939e-16,20108.763584836426,0.2300322229557895
23,"(3, 0, 1, 2, 5, 6, 4)",6.534392978593723e-16,1.3068785957187447e-15,22784.865017439784,0.2606452220494347
23,"(3, 0, 1, 2, 6, 5, 4)",2.450397366972646e-16,8.242941025011201e-16,23007.4278231247,0.26319120737185336
23,"(3, 1, 0, 2, 4, 5, 6)",3.2671964892968617e-16,2.1236777180429598e-15,20156.446702816607,0.23057768929339736
23,"(3, 1, 0, 2, 4, 6, 5)",4.900794733945292e-16,4.492395172783184e-16,19336.377194550252,0.22119658482275645
23,"(3, 1, 0, 2, 5, 6, 4)",9.801589467890584e-16,1.2251986834863232e-15,22012.478627153603,0.25180958391640157
23,"(3, 1, 0, 2, 6, 5, 4)",1.6744382007646415e-15,1.2251986834863232e-15,22235.041432838516,0.25435556923882024
23,"(3, 2, 0, 1, 4, 5, 6)",4.900794733945292e-16,7.268019930354824e-16,21290.913077020195,0.24355530578511617
23,"(3, 2, 0, 1, 4, 6, 5)",5.717593856269508e-16,4.900794733945292e-16,20470.84356875384,0.23417420131447517
23,"(3, 2, 0, 1, 5, 6, 4)",1.3068785957187447e-15,8.095528828946978e-16,23146.94500135719,0.2647872004081204
23,"(3, 2, 0, 1, 6, 5, 4)",3.2671964892968617e-16,5.717593856269508e-16,23369.50780704211,0.267333185730539
23,"(3, 2, 1, 0, 4, 5, 6)",1.3885585079511662e-15,2.2053576302753815e-15,22131.424180373528,0.2531702498719414
23,"(3, 2, 1, 0, 4, 6, 5)",2.1236777180429598e-15,5.094698067712459e-16,21311.35467210717,0.24378914540130045
23,"(3, 2, 1, 0, 5, 6, 4)",4.083995611621077e-16,1.6335982446484308e-15,23987.456104710527,0.2744021444949456
23,"(3, 2, 1, 0, 6, 5, 4)",3.2671964892968617e-16,1.1435187712539016e-15,24210.018910395447,0.2769481298173642
23,"(4, 5, 6, 0, 1, 2, 3)",1.1026788151376908e-15,5.309194295107399e-16,24210.018910395444,0.2769481298173643
23,"(4, 5, 6, 1, 0, 2, 3)",1.2251986834863232e-15,7.351192100917939e-16,23369.50780704211,0.267333185730539
23,"(4, 5, 6, 2, 0, 1, 3)",1.9603178935781167e-15,4.083995611621077e-16,22235.04143283852,0.2543555692388202
23,"(4, 5, 6, 2, 1, 0, 3)",4.083995611621077e-16,7.065378021438169e-16,23007.4278231247,0.2631912073718533
23,"(4, 5, 6, 3, 0, 1, 2)",7.351192100917939e-16,6.534392978593723e-16,12379.132873434508,0.141609636039564
23,"(4, 5, 6, 3, 1, 0, 2)",2.735886548605728e-16,1.0618388590214799e-15,9923.097317260615,0.11351429563861265
23,"(4, 5, 6, 3, 2, 0, 1)",2.0419978058105385e-15,1.2444600083376428e-15,13139.996479203846,0.15031369715947138
23,"(4, 5, 6, 3, 2, 1, 0)",8.984790345566368e-16,2.2053576302753815e-15,12327.462595642304,0.14101879572637152
23,"(4, 6, 5, 0, 1, 2, 3)",3.348876401529283e-15,1.7152781568808523e-15,23987.456104710527,0.2744021444949457
23,"(4, 6, 5, 1, 0, 2, 3)",8.167991223242154e-16,6.534392978593723e-16,23146.94500135719,0.2647872004081204
23,"(4, 6, 5, 2, 0, 1, 3)",1.0618388590214799e-15,1.0618388590214799e-15,22012.478627153603,0.2518095839164017
23,"(4, 6, 5, 2, 1, 0, 3)",1.0618388590214799e-15,1.2251986834863232e-15,22784.865017439784,0.26064522204943474
23,"(4, 6, 5, 3, 0, 1, 2)",1.5519183324160093e-15,1.3885585079511662e-15,12156.57006774959,0.1390636507171454
23,"(4, 6, 5, 3, 1, 0, 2)",1.3477185518349554e-15,6.655839080903449e-16,9700.534511575697,0.11096831031619407
23,"(4, 6, 5, 3, 2, 0, 1)",8.167991223242154e-16,1.1200140075038785e-15,12917.433673518928,0.14776771183705278
23,"(4, 6, 5, 3, 2, 1, 0)",8.984790345566368e-16,9.126040061142703e-16,12104.899789957386,0.13847281040395296
23,"(5, 6, 4, 0, 1, 2, 3)",6.186259461510734e-16,4.900794733945292e-16,21311.354672107173,0.24378914540130045
23,"(5, 6, 4, 1, 0, 2, 3)",5.717593856269508e-16,6.952019063817647e-16,20470.84356875384,0.23417420131447522
23,"(5, 6, 4, 2, 0, 1, 3)",1.2251986834863232e-15,6.750696996325462e-16,19336.377194550252,0.2211965848227565
23,"(5, 6, 4, 2, 1, 0, 3)",5.717593856269508e-16,6.4438471328561215e-16,20108.76358483643,0.23003222295578957
23,"(5, 6, 4, 3, 0, 1, 2)",1.2251986834863232e-15,1.3885585079511662e-15,9480.468635146237,0.10845065162350022
23,"(5, 6, 4, 3, 1, 0, 2)",6.534392978593723e-16,1.4293984640673769e-15,7024.433078972341,0.08035531122254888
23,"(5, 6, 4, 3, 2, 0, 1)",8.984790345566368e-16,4.900794733945292e-16,10241.332240915572,0.1171547127434076
23,"(5, 6, 4, 3, 2, 1, 0)",1.1435187712539016e-15,1.0209989029052692e-15,9428.798357354033,0.10785981131030777
23,"(6, 5, 4, 0, 1, 2, 3)",6.942792539755831e-16,5.822512077385671e-16,22131.42418037352,0.2531702498719414
23,"(6, 5, 4, 1, 0, 2, 3)",5.371855110420284e-16,5.543703885921297e-16,21290.913077020192,0.2435553057851161
23,"(6, 5, 4, 2, 0, 1, 3)",1.42000830832611e-16,7.351192100917939e-16,20156.446702816604,0.2305776892933974
23,"(6, 5, 4, 2, 1, 0, 3)",6.942792539755831e-16,9.393189906728477e-16,20928.83309310278,0.23941332742643054
23,"(6, 5, 4, 3, 0, 1, 2)",8.167991223242154e-16,1.59275828853222e-15,10300.538143412592,0.11783175609414115
23,"(6, 5, 4, 3, 1, 0, 2)",9.801589467890584e-16,8.874452107871272e-16,7844.502587238696,0.08973641569318982
23,"(6, 5, 4, 3, 2, 0, 1)",4.083995611621077e-16,8.576390784404262e-16,11061.40174918193,0.12653581721404852
23,"(6, 5, 4, 3, 2, 1, 0)",7.881401653186288e-16,8.296400055584276e-16,10248.867865620388,0.1172409157809487
24,"(0, 1, 2, 3, 5, 4)",5.11449321933762e-16,3.512607260009664e-16,4328.300856911841,0.0632484750463654
24,"(0, 1, 2, 4, 3, 5)",1.4556634547345533e-15,7.081605996005936e-16,8302.929113900655,0.12132881290672778
24,"(0, 1, 2, 4, 5, 3)",1.1015831549342566e-15,6.294760885338609e-16,8649.999336761051,0.1264004710598037
24,"(0, 1, 2, 5, 3, 4)",1.4556634547345533e-15,3.2080198372716785e-16,5252.5175006555255,0.07675363883851705
24,"(0, 2, 1, 3, 5, 4)",8.655296217340588e-16,1.2910193525318039e-16,8357.510665303522,0.12212621043328033
24,"(0, 2, 1, 4, 3, 5)",3.540802998002968e-16,4.721070664003957e-16,12332.138922292337,0.18020654829364272
24,"(0, 2, 1, 4, 5, 3)",2.3605353320019784e-16,8.655296217340588e-16,12679.209145152736,0.1852782064467186
24,"(0, 2, 1, 5, 3, 4)",1.2589521770677219e-15,1.022898643867524e-15,9281.727309047204,0.13563137422543195
24,"(1, 2, 0, 3, 5, 4)",4.721070664003957e-16,5.507915774671283e-16,11473.528317697983,0.16766005725707536
24,"(1, 2, 0, 4, 3, 5)",4.721070664003957e-16,5.507915774671283e-16,15448.156574686802,0.22574039511743785
24,"(1, 2, 0, 4, 5, 3)",3.934225553336631e-16,1.4950057102679196e-15,15795.226797547199,0.2308120532705137
24,"(1, 2, 0, 5, 3, 4)",1.7497505814315555e-16,3.934225553336631e-16,12397.744961441671,0.18116522104922714
24,"(2, 1, 0, 3, 5, 4)",5.507915774671283e-16,4.721070664003957e-16,12539.160607040229,0.18323189930068792
24,"(2, 1, 0, 4, 3, 5)",2.3605353320019784e-16,8.655296217340588e-16,16513.788864029048,0.24131223716105038
24,"(2, 1, 0, 4, 5, 3)",4.721070664003957e-16,1.4950057102679196e-15,16860.859086889446,0.24638389531412627
24,"(2, 1, 0, 5, 3, 4)",4.721070664003957e-16,6.294760885338609e-16,13463.377250783915,0.19673706309283961
24,"(3, 5, 4, 0, 1, 2)",2.094317481622699e-16,3.7698498876374906e-16,16860.859086889446,0.24638389531412627
24,"(3, 5, 4, 0, 2, 1)",1.4950057102679196e-15,1.2589521770677219e-15,15795.226797547199,0.2308120532705137
24,"(3, 5, 4, 1, 2, 0)",3.1473804426693046e-16,5.125383279340644e-16,12679.209145152734,0.1852782064467186
24,"(3, 5, 4, 2, 1, 0)",2.873872973836729e-16,2.6745130691431155e-16,8649.999336761055,0.1264004710598037
24,"(4, 3, 5, 0, 1, 2)",7.868451106673262e-16,8.655296217340588e-16,13463.377250783913,0.19673706309283967
24,"(4, 3, 5, 0, 2, 1)",2.3605353320019784e-16,2.3331053361975837e-16,12397.74496144167,0.18116522104922705
24,"(4, 3, 5, 1, 2, 0)",3.3883287601740653e-16,2.3605353320019784e-16,9281.727309047206,0.13563137422543198
24,"(4, 3, 5, 2, 1, 0)",2.3605353320019784e-16,3.1473804426693046e-16,5252.5175006555255,0.07675363883851707
24,"(4, 5, 3, 0, 1, 2)",2.3605353320019784e-16,2.3719302835950706e-16,12539.16060704023,0.18323189930068795
24,"(4, 5, 3, 0, 2, 1)",1.6130324768680185e-15,2.3411609492831227e-16,11473.528317697986,0.16766005725707542
24,"(4, 5, 3, 1, 2, 0)",1.4556634547345533e-15,3.123812222204513e-16,8357.51066530352,0.12212621043328033
24,"(4, 5, 3, 2, 1, 0)",2.5545537545215363e-16,5.507915774671283e-16,4328.300856911843,0.0632484750463654
24,"(5, 3, 4, 0, 1, 2)",1.80974375453485e-15,7.081605996005936e-16,16513.788864029048,0.2413122371610504
24,"(5, 3, 4, 0, 2, 1)",1.3376366881344544e-15,1.8884282656015827e-15,15448.156574686804,0.22574039511743785
24,"(5, 3, 4, 1, 2, 0)",3.934225553336631e-16,5.125383279340644e-16,12332.138922292339,0.18020654829364274
24,"(5, 3, 4, 2, 1, 0)",3.512511412467113e-16,4.2792209106289844e-16,8302.929113900656,0.12132881290672781
25,"(0, 1, 2, 4, 3)",2.5257866141413454e-16,2.987062322560846e-16,3102.525653180599,0.05972954318152285
25,"(0, 2, 1, 4, 3)",1.86985025524903e-16,2.2402967419206347e-16,6304.991576883422,0.1213831274092851
25,"(0, 4, 1, 2, 3)",3.7338279032010576e-16,4.4805934838412695e-16,11436.4462607115,0.22017342872638293
25,"(0, 4, 2, 1, 3)",2.5208049210585206e-16,7.467655806402115e-16,12051.533828540927,0.23201503893367392
25,"(1, 2, 4, 0, 3)",1.493531161280423e-16,5.974124645121692e-16,10469.31034824708,0.2015542156389021
25,"(2, 1, 4, 0, 3)",1.5923328282816917e-16,4.4805934838412695e-16,11057.339063624944,0.21287489126687995
25,"(3, 0, 1, 2, 4)",5.227359064481481e-16,4.1072106935211633e-16,11135.11002371641,0.2143721307544211
25,"(3, 0, 2, 1, 4)",4.4805934838412695e-16,2.987062322560846e-16,13134.459664211941,0.2528634291469146
25,"(3, 0, 4, 1, 2)",2.9225894227949965e-16,1.0615866122558348e-16,11057.339063624944,0.21287489126687992
25,"(3, 0, 4, 2, 1)",3.7338279032010576e-16,7.467655806402115e-17,10469.31034824708,0.2015542156389021
25,"(3, 1, 2, 4, 0)",1.800574943613229e-16,2.987062322560846e-16,12051.533828540927,0.23201503893367395
25,"(3, 2, 1, 4, 0)",3.382255935059015e-16,2.987062322560846e-16,11436.446260711502,0.22017342872638293
25,"(3, 4, 1, 2, 0)",5.974124645121692e-16,4.4805934838412695e-16,6304.99157688342,0.12138312740928509
25,"(3, 4, 2, 1, 0)",2.2402967419206347e-16,1.1201483709603174e-16,3102.5256531805994,0.05972954318152283
25,"(4, 1, 2, 0, 3)",6.603022514204101e-17,4.4805934838412695e-16,13134.459664211941,0.25286342914691456
25,"(4, 2, 1, 0, 3)",1.493531161280423e-16,3.7338279032010576e-16,11135.110023716406,0.2143721307544211
26,"(0, 1, 2, 4, 3, 5)",7.899874160918264e-16,1.270849321539025e-15,6994.859781186702,0.08147628717687436
26,"(0, 1, 2, 4, 5, 3)",7.899874160918264e-16,3.2211687498073253e-16,6310.771895815155,0.07350801579670146
26,"(0, 2, 1, 4, 3, 5)",5.839037423287413e-16,2.0608367376308515e-15,11170.803248148772,0.13011754502390105
26,"(0, 2, 1, 4, 5, 3)",1.3395438794600535e-15,5.839037423287413e-16,10486.715362777228,0.12214927364372812
26,"(0, 3, 5, 1, 2, 4)",1.0991129267364541e-15,5.495564633682271e-16,20422.95054921746,0.23788699645167793
26,"(0, 3, 5, 2, 1, 4)",1.1678074846574825e-15,5.152091844077129e-16,21156.480809669454,0.24643117375087967
26,"(0, 3, 5, 4, 1, 2)",3.3660953595752055e-16,9.617238108943974e-16,15661.846721834163,0.18242954986180715
26,"(0, 3, 5, 4, 2, 1)",3.4646018429120693e-16,9.617238108943974e-16,13617.318990682585,0.15861484395270187
26,"(0, 4, 1, 2, 3, 5)",2.7477823168411353e-16,9.617238108943974e-16,18979.838710991215,0.22107752733195307
26,"(0, 4, 1, 2, 5, 3)",9.617238108943974e-16,9.617238108943974e-16,18295.750825619667,0.2131092559517801
26,"(0, 4, 2, 1, 3, 5)",9.571117327194796e-16,8.243346950523406e-16,20342.986531818446,0.236955573742828
26,"(0, 4, 2, 1, 5, 3)",4.808619054471987e-16,3.434727896051419e-16,19658.898646446898,0.228987302362655
26,"(0, 5, 3, 1, 2, 4)",2.7477823168411353e-16,5.495564633682271e-16,22009.292828307654,0.25636474770547685
26,"(0, 5, 3, 2, 1, 4)",4.808619054471987e-16,1.5557034323767142e-16,22742.823088759647,0.2649089250046786
26,"(0, 5, 3, 4, 1, 2)",1.5535824736500945e-16,3.434727896051419e-16,17248.189000924358,0.20090730111560606
26,"(0, 5, 3, 4, 2, 1)",1.3051966004995393e-15,6.869455792102838e-16,15203.66126977278,0.17709259520650075
26,"(1, 2, 4, 3, 5, 0)",3.434727896051419e-16,4.121673475261703e-16,15203.661269772774,0.17709259520650072
26,"(1, 2, 4, 5, 3, 0)",1.3395438794600535e-15,4.427143994100599e-16,13617.318990682583,0.15861484395270192
26,"(2, 1, 4, 3, 5, 0)",9.273765319338832e-16,4.142992857533902e-16,17248.189000924354,0.20090730111560604
26,"(2, 1, 4, 5, 3, 0)",1.8547530638677663e-15,5.437678125513249e-16,15661.846721834165,0.18242954986180715
26,"(3, 5, 1, 2, 4, 0)",2.7477823168411353e-16,2.7477823168411353e-16,19658.898646446898,0.22898730236265502
26,"(3, 5, 2, 1, 4, 0)",8.93029252973369e-16,4.121673475261703e-16,18295.75082561967,0.2131092559517801
26,"(3, 5, 4, 1, 2, 0)",1.9888748380041765e-16,8.243346950523406e-16,10486.715362777228,0.12214927364372813
26,"(3, 5, 4, 2, 1, 0)",1.9822045616222997e-16,7.556401371313122e-16,6310.771895815158,0.07350801579670144
26,"(4, 1, 2, 3, 5, 0)",7.556401371313122e-16,1.0304183688154257e-15,22742.82308875965,0.26490892500467855
26,"(4, 1, 2, 5, 3, 0)",7.556401371313122e-16,9.17287249284541e-17,21156.480809669454,0.24643117375087967
26,"(4, 2, 1, 3, 5, 0)",9.401800459321227e-17,6.182510212892554e-16,22009.292828307658,0.25636474770547685
26,"(4, 2, 1, 5, 3, 0)",2.0608367376308515e-16,5.839037423287413e-16,20422.950549217458,0.23788699645167793
26,"(5, 3, 1, 2, 4, 0)",5.495564633682271e-16,8.93029252973369e-16,20342.986531818446,0.23695557374282794
26,"(5, 3, 2, 1, 4, 0)",3.434727896051419e-16,1.1678074846574825e-15,18979.83871099122,0.22107752733195307
26,"(5, 3, 4, 1, 2, 0)",4.808619054471987e-16,4.808619054471987e-16,11170.803248148775,0.13011754502390105
26,"(5, 3, 4, 2, 1, 0)",2.0264894586703375e-15,8.586819740128548e-16,6994.859781186702,0.08147628717687436
27,"(0, 1, 2, 3, 5, 4)",9.617238108943974e-16,9.617238108943974e-16,10481.128109331728,0.11945211713675825
27,"(0, 1, 2, 4, 3, 5)",1.5799748321836528e-15,1.0304183688154257e-15,7422.509772004433,0.08459342329236517
27,"(0, 1, 2, 4, 5, 3)",7.556401371313122e-16,4.121673475261703e-16,6712.472844211376,0.07650122048886682
27,"(0, 1, 2, 5, 3, 4)",4.808619054471987e-16,1.0304183688154257e-15,11143.417739573882,0.12700014991194297
27,"(0, 2, 1, 3, 5, 4)",8.228609508188292e-16,5.495564633682271e-16,14802.356137113153,0.16870035048954704
27,"(0, 2, 1, 4, 3, 5)",1.029313053906e-15,6.869455792102838e-16,11743.737799785855,0.13384165664515396
27,"(0, 2, 1, 4, 5, 3)",8.243346950523406e-16,5.495564633682271e-16,11033.700871992804,0.12574945384165553
27,"(0, 2, 1, 5, 3, 4)",8.93029252973369e-16,6.182510212892554e-16,15464.645767355307,0.17624838326473177
27,"(0, 3, 5, 4, 1, 2)",1.8540987928673676e-16,6.869455792102838e-16,16169.434668673794,0.18428104149952343
27,"(0, 3, 5, 4, 2, 1)",6.182510212892554e-16,1.2365020425785109e-15,13993.430475478399,0.15948139158929764
27,"(0, 4, 3, 5, 1, 2)",1.5112802742626244e-15,3.8569917737590226e-16,22037.809014887524,0.25116217609629965
27,"(0, 4, 3, 5, 2, 1)",1.786058505946738e-15,8.243346950523406e-16,19861.80482169213,0.22636252618607383
27,"(0, 4, 5, 3, 1, 2)",3.656834271365444e-16,1.2365020425785109e-15,22277.773778364022,0.25389702474393405
27,"(0, 4, 5, 3, 2, 1)",1.0991129267364541e-15,5.49612540503143e-16,20101.769585168637,0.22909737483370832
27,"(0, 5, 3, 4, 1, 2)",2.4371432254312296e-16,1.1678074846574825e-15,17781.725990185503,0.20265612572584102
27,"(0, 5, 3, 4, 2, 1)",7.21292858170798e-16,4.386977349551567e-16,15605.721796990108,0.1778564758156152
27,"(1, 2, 3, 5, 4, 0)",3.434727896051419e-16,4.808619054471987e-16,20101.769585168633,0.22909737483370823
27,"(1, 2, 4, 3, 5, 0)",4.386857805776214e-16,8.243346950523406e-16,15605.72179699011,0.17785647581561523
27,"(1, 2, 4, 5, 3, 0)",5.495564633682271e-16,1.0304183688154257e-15,13993.430475478403,0.15948139158929764
27,"(1, 2, 5, 3, 4, 0)",2.757518243395163e-16,1.2365020425785109e-15,19861.804821692134,0.22636252618607383
27,"(2, 1, 3, 5, 4, 0)",8.243346950523406e-16,6.869455792102838e-16,22277.773778364022,0.25389702474393405
27,"(2, 1, 4, 3, 5, 0)",8.93029252973369e-16,3.94007283729766e-16,17781.725990185496,0.202656125725841
27,"(2, 1, 4, 5, 3, 0)",7.556401371313122e-16,6.869455792102838e-16,16169.434668673792,0.1842810414995234
27,"(2, 1, 5, 3, 4, 0)",7.556401371313122e-16,2.7477823168411353e-16,22037.809014887524,0.2511621760962996
27,"(3, 5, 4, 1, 2, 0)",3.434727896051419e-16,1.4082384373810818e-15,11033.7008719928,0.12574945384165556
27,"(3, 5, 4, 2, 1, 0)",8.243346950523406e-16,1.06476564777594e-15,6712.472844211378,0.07650122048886678
27,"(4, 3, 5, 1, 2, 0)",5.662584013837845e-16,1.3738911584205677e-15,15464.645767355305,0.17624838326473174
27,"(4, 3, 5, 2, 1, 0)",5.495564633682271e-16,2.7477823168411353e-16,11143.417739573882,0.12700014991194294
27,"(4, 5, 3, 1, 2, 0)",4.808619054471987e-16,4.488452002787148e-16,14802.356137113155,0.168700350489547
27,"(4, 5, 3, 2, 1, 0)",1.6486693901046812e-15,1.3738911584205677e-16,10481.128109331728,0.11945211713675823
27,"(5, 3, 4, 1, 2, 0)",8.93029252973369e-16,3.434727896051419e-16,11743.737799785857,0.13384165664515393
27,"(5, 3, 4, 2, 1, 0)",1.6486693901046812e-15,1.3738911584205677e-15,7422.509772004431,0.08459342329236519
28,"(0, 1, 2, 3, 4)",5.044860513572533e-16,2.1620830772453715e-16,3115.5802042533423,0.05559358336368681
28,"(0, 2, 1, 3, 4)",5.765554872654324e-16,2.882777436327162e-16,6955.005514775079,0.12410324981451047
28,"(0, 3, 1, 2, 4)",7.206943590817904e-16,2.882777436327162e-16,9272.177134182815,0.16545025923850293
28,"(0, 3, 2, 1, 4)",4.324166154490743e-16,2.1620830772453715e-16,9783.2414967927,0.1745695556084614
28,"(0, 4, 1, 2, 3)",2.882777436327162e-16,3.603471795408952e-16,8734.842504264103,0.15586220321548655
28,"(0, 4, 2, 1, 3)",2.882777436327162e-16,1.226983895592039e-16,10411.337618628988,0.1857771355199156
28,"(0, 4, 3, 1, 2)",5.044860513572533e-16,2.8444770345822958e-16,9033.765256778917,0.16119610119652658
28,"(0, 4, 3, 2, 1)",1.7777615970629313e-16,5.765554872654324e-16,7381.982311090271,0.1317221262481381
28,"(1, 2, 3, 4, 0)",2.488866235888104e-16,4.324166154490743e-16,7381.98231109027,0.1317221262481381
28,"(2, 1, 3, 4, 0)",8.648332308981486e-16,1.7777981466139347e-16,9033.765256778916,0.16119610119652653
28,"(3, 1, 2, 4, 0)",4.324166154490743e-16,2.882777436327162e-16,10411.337618628992,0.18577713551991562
28,"(3, 2, 1, 4, 0)",6.486249231736115e-16,2.882777436327162e-16,8734.842504264103,0.15586220321548658
28,"(4, 1, 2, 3, 0)",2.830125597800135e-16,1.5872963549471337e-16,9783.241496792702,0.1745695556084614
28,"(4, 2, 1, 3, 0)",2.830125597800135e-16,4.324166154490743e-16,9272.177134182815,0.16545025923850293
28,"(4, 3, 1, 2, 0)",1.8521130762437893e-16,1.4684601850216518e-16,6955.005514775077,0.12410324981451046
28,"(4, 3, 2, 1, 0)",1.0089721027145066e-15,5.044860513572533e-16,3115.580204253341,0.055593583363686805
29,"(0, 1, 2, 3, 4)",5.044860513572533e-16,2.1620830772453715e-16,3115.5802042533423,0.05559358336368681
29,"(0, 2, 1, 3, 4)",5.765554872654324e-16,2.882777436327162e-16,6955.005514775079,0.12410324981451047
29,"(0, 3, 1, 2, 4)",7.206943590817904e-16,2.882777436327162e-16,9272.177134182815,0.16545025923850293
29,"(0, 3, 2, 1, 4)",4.324166154490743e-16,2.1620830772453715e-16,9783.2414967927,0.1745695556084614
29,"(0, 4, 1, 2, 3)",2.882777436327162e-16,3.603471795408952e-16,8734.842504264103,0.15586220321548655
29,"(0, 4, 2, 1, 3)",2.882777436327162e-16,1.226983895592039e-16,10411.337618628988,0.1857771355199156
29,"(0, 4, 3, 1, 2)",5.044860513572533e-16,2.8444770345822958e-16,9033.765256778917,0.16119610119652658
29,"(0, 4, 3, 2, 1)",1.7777615970629313e-16,5.765554872654324e-16,7381.982311090271,0.1317221262481381
29,"(1, 2, 3, 4, 0)",2.488866235888104e-16,4.324166154490743e-16,7381.98231109027,0.1317221262481381
29,"(2, 1, 3, 4, 0)",8.648332308981486e-16,1.7777981466139347e-16,9033.765256778916,0.16119610119652653
29,"(3, 1, 2, 4, 0)",4.324166154490743e-16,2.882777436327162e-16,10411.337618628992,0.18577713551991562
29,"(3, 2, 1, 4, 0)",6.486249231736115e-16,2.882777436327162e-16,8734.842504264103,0.15586220321548658
29,"(4, 1, 2, 3, 0)",2.830125597800135e-16,1.5872963549471337e-16,9783.241496792702,0.1745695556084614
29,"(4, 2, 1, 3, 0)",2.830125597800135e-16,4.324166154490743e-16,9272.177134182815,0.16545025923850293
29,"(4, 3, 1, 2, 0)",1.8521130762437893e-16,1.4684601850216518e-16,6955.005514775077,0.12410324981451046
29,"(4, 3, 2, 1, 0)",1.0089721027145066e-15,5.044860513572533e-16,3115.580204253341,0.055593583363686805
30,"(0, 1, 2, 3, 4, 5)",8.120488408686859e-16,1.0150610510858574e-15,5338.137364510305,0.06430430675788579
30,"(0, 1, 2, 3, 5, 4)",7.443781041296288e-16,5.075305255429287e-16,4005.455105155221,0.04825054062850425
30,"(0, 1, 3, 2, 4, 5)",1.4210854715202005e-15,8.120488408686859e-16,6311.705404495153,0.07603190744416857
30,"(0, 1, 3, 2, 5, 4)",5.752012622819859e-16,1.6983464180366796e-16,4979.023145140072,0.059978141314787015
30,"(0, 2, 3, 1, 4, 5)",5.752012622819859e-16,6.767073673905716e-16,16126.34883564437,0.1942613334205721
30,"(0, 2, 3, 1, 5, 4)",3.383536836952858e-16,1.048896419455386e-15,14793.666576289286,0.17820756729119056
30,"(0, 3, 2, 1, 4, 5)",6.0903663065151445e-16,7.443781041296288e-16,16557.00818657163,0.19944914503334404
30,"(0, 3, 2, 1, 5, 4)",2.992305357421238e-16,1.0150610510858574e-15,15224.325927216549,0.18339537890396249
30,"(0, 4, 5, 1, 2, 3)",1.691768418476429e-15,3.721890520648144e-16,17033.018143306534,0.20518325942335414
30,"(0, 4, 5, 1, 3, 2)",1.4887562082592576e-15,2.3684757858670006e-16,16642.942993502034,0.20048433349117037
30,"(0, 4, 5, 2, 3, 1)",9.473903143468002e-16,1.3195793664116147e-15,11398.864704279833,0.1373129126258011
30,"(0, 4, 5, 3, 2, 1)",1.6774011368800541e-16,4.0602442043434295e-16,10472.711441253712,0.12615644804917406
30,"(0, 5, 4, 1, 2, 3)",2.7068294695622867e-16,1.7594391552154862e-15,18712.698112981714,0.22541687822150616
30,"(0, 5, 4, 1, 3, 2)",1.3534147347811433e-16,2.0301221021717147e-15,18322.62296317722,0.22071795228932245
30,"(0, 5, 4, 2, 3, 1)",4.0602442043434295e-16,4.0602442043434295e-16,13078.544673955012,0.15754653142395314
30,"(0, 5, 4, 3, 2, 1)",2.424589499198554e-16,4.736951571734001e-16,12152.391410928893,0.1463900668473261
30,"(1, 2, 3, 4, 5, 0)",3.2327859989314056e-16,8.458842092382145e-16,12152.391410928894,0.14639006684732606
30,"(1, 2, 3, 5, 4, 0)",1.3534147347811433e-16,9.473903143468002e-16,10472.711441253712,0.12615644804917397
30,"(1, 3, 2, 4, 5, 0)",3.2327859989314056e-16,3.8050449609232648e-16,13078.544673955015,0.1575465314239531
30,"(1, 3, 2, 5, 4, 0)",2.7068294695622867e-16,4.736951571734001e-16,11398.864704279833,0.13731291262580111
30,"(2, 3, 1, 4, 5, 0)",1.691768418476429e-16,4.0602442043434295e-16,18322.62296317722,0.22071795228932242
30,"(2, 3, 1, 5, 4, 0)",2.622821949156841e-16,4.0602442043434295e-16,16642.942993502034,0.20048433349117037
30,"(3, 2, 1, 4, 5, 0)",2.4245894991985547e-16,9.473903143468002e-16,18712.698112981714,0.22541687822150616
30,"(3, 2, 1, 5, 4, 0)",1.9823831617673373e-16,4.0602442043434295e-16,17033.018143306534,0.2051832594233542
30,"(4, 5, 1, 2, 3, 0)",4.295716502052102e-16,2.3684757858670006e-16,15224.325927216549,0.18339537890396249
30,"(4, 5, 1, 3, 2, 0)",3.592783530517976e-16,9.473903143468002e-16,14793.666576289288,0.17820756729119058
30,"(4, 5, 2, 3, 1, 0)",2.991450424407726e-16,3.988716572854238e-16,4979.023145140073,0.05997814131478705
30,"(4, 5, 3, 2, 1, 0)",1.0827317878249147e-15,3.2921194825683904e-16,4005.4551051552207,0.04825054062850426
30,"(5, 4, 1, 2, 3, 0)",3.474026703324177e-16,3.7899246507021283e-16,16557.00818657163,0.199449145033344
30,"(5, 4, 1, 3, 2, 0)",4.2635782268069445e-16,1.0150610510858574e-15,16126.348835644374,0.1942613334205721
30,"(5, 4, 2, 3, 1, 0)",3.0451831532575723e-16,7.312647050232768e-16,6311.705404495156,0.07603190744416859
30,"(5, 4, 3, 2, 1, 0)",1.2180732613030289e-15,4.0602442043434295e-16,5338.137364510304,0.06430430675788579
31,"(0, 1, 2, 3, 4, 5)",2.587130787197604e-16,9.054957755191614e-16,7685.849489311321,0.08041968307793262
31,"(0, 1, 2, 3, 5, 4)",1.6169567419985025e-15,3.233913483997005e-16,6353.456913425027,0.0664784019173817
31,"(0, 1, 2, 4, 5, 3)",5.174261574395208e-16,1.6975027985762828e-16,13815.2724455606,0.14455394075207553
31,"(0, 1, 2, 5, 4, 3)",1.4229219329586823e-15,2.9105221355973046e-16,13715.941527808453,0.14351460724228235
31,"(0, 2, 1, 3, 4, 5)",2.587130787197604e-16,6.46782696799401e-16,10764.827891686204,0.112635900811853
31,"(0, 2, 1, 3, 5, 4)",8.084783709992513e-16,1.9403480903982031e-16,9432.435315799908,0.09869461965130204
31,"(0, 2, 1, 4, 5, 3)",1.6816350116784427e-15,3.031305191048059e-16,16894.25084793548,0.1767701584859959
31,"(0, 2, 1, 5, 4, 3)",1.1642088542389218e-15,7.761392361592813e-16,16794.919930183332,0.17573082497620268
31,"(0, 3, 4, 5, 1, 2)",3.233913483997005e-16,1.82863966586931e-16,20991.62712667251,0.2196426046548044
31,"(0, 3, 4, 5, 2, 1)",5.20742364408825e-16,5.174261574395208e-16,19567.91750555196,0.20474584188515274
31,"(0, 3, 5, 4, 1, 2)",3.8806961807964063e-16,3.8806961807964063e-16,21424.41507854899,0.22417101364567218
31,"(0, 3, 5, 4, 2, 1)",7.114609664793411e-16,5.505434567867459e-16,20000.705457428438,0.2092742508760207
31,"(0, 4, 5, 3, 1, 2)",3.8806961807964063e-16,1.1642088542389218e-15,13237.409702474566,0.13850756439170683
31,"(0, 4, 5, 3, 2, 1)",1.5522784723185625e-15,2.1868540043469374e-16,11813.700081354009,0.12361080162205525
31,"(0, 5, 4, 3, 1, 2)",3.8806961807964063e-16,3.271093007469587e-16,14916.771429916977,0.1560791697540646
31,"(0, 5, 4, 3, 2, 1)",2.686766252734625e-16,1.1642088542389218e-15,13493.061808796423,0.14118240698441306
31,"(1, 2, 3, 4, 5, 0)",1.7463132813583828e-15,6.46782696799401e-16,13493.061808796423,0.141182406984413
31,"(1, 2, 3, 5, 4, 0)",1.4229219329586823e-15,1.4876002026386223e-15,11813.700081354014,0.12361080162205523
31,"(1, 2, 4, 5, 3, 0)",1.1642088542389218e-15,3.233913483997005e-16,20000.70545742844,0.20927425087602058
31,"(1, 2, 5, 4, 3, 0)",5.174261574395208e-16,2.587130787197604e-16,19567.91750555195,0.2047458418851528
31,"(2, 1, 3, 4, 5, 0)",1.4876002026386223e-15,1.0348523148790416e-15,14916.771429916978,0.15607916975406463
31,"(2, 1, 3, 5, 4, 0)",1.358243663278742e-15,9.054957755191614e-16,13237.409702474566,0.1385075643917069
31,"(2, 1, 4, 5, 3, 0)",1.0348523148790416e-15,4.527478877595807e-16,21424.415078548995,0.2241710136456722
31,"(2, 1, 5, 4, 3, 0)",1.4229219329586823e-15,2.2296609695850863e-16,20991.62712667251,0.2196426046548044
31,"(3, 4, 5, 1, 2, 0)",3.8806961807964063e-16,2.3284177084778437e-15,16794.919930183336,0.17573082497620268
31,"(3, 4, 5, 2, 1, 0)",5.174261574395208e-16,9.701740451991016e-16,13715.941527808454,0.14351460724228235
31,"(3, 5, 4, 1, 2, 0)",1.9403480903982031e-16,5.174261574395208e-16,16894.25084793548,0.1767701584859959
31,"(3, 5, 4, 2, 1, 0)",9.054957755191614e-16,3.8806961807964063e-16,13815.272445560597,0.1445539407520755
31,"(4, 5, 3, 1, 2, 0)",1.293565393598802e-15,1.4552610677986524e-15,9432.435315799908,0.09869461965130205
31,"(4, 5, 3, 2, 1, 0)",1.7463132813583828e-15,1.3905827981187122e-15,6353.456913425031,0.0664784019173817
31,"(5, 4, 3, 1, 2, 0)",1.5522784723185625e-15,2.9105221355973046e-16,10764.827891686204,0.112635900811853
31,"(5, 4, 3, 2, 1, 0)",1.7139741465184126e-15,6.79121831639371e-16,7685.849489311323,0.08041968307793262
32,"(0, 1, 2, 3, 4, 5)",4.691837747241297e-16,1.8180871270560023e-15,10401.679318845418,0.09909586269326172
32,"(0, 1, 2, 3, 5, 4)",2.9323985920258107e-16,3.5188783104309725e-16,7558.782710058741,0.07201184256921747
32,"(0, 2, 1, 3, 4, 5)",5.278317465646459e-16,4.1053580288361347e-16,13561.785442535358,0.12920171159496774
32,"(0, 2, 1, 3, 5, 4)",5.864797184051621e-16,5.278317465646459e-16,10718.888833748671,0.10211769147092345
32,"(0, 3, 1, 2, 4, 5)",2.2533790612537724e-16,8.797195776077431e-16,19924.81238067535,0.18982187263215594
32,"(0, 3, 1, 2, 5, 4)",7.037756620861945e-16,2.3257591560402367e-16,17081.915771888667,0.1627378525081117
32,"(0, 3, 2, 1, 4, 5)",3.405460412006249e-16,8.797195776077431e-16,20927.669548921127,0.19937602424951884
32,"(0, 3, 2, 1, 5, 4)",2.9323985920258107e-16,8.210716057672269e-16,18084.772940134448,0.17229200412547452
32,"(0, 4, 5, 1, 2, 3)",1.114311464969808e-15,1.4661992960129053e-15,20019.869933141454,0.19072749901424127
32,"(0, 4, 5, 2, 1, 3)",7.220580660783628e-17,6.451276902456783e-16,20460.722966004807,0.19492746618044549
32,"(0, 4, 5, 3, 1, 2)",3.5188783104309725e-16,1.935383070737035e-15,15787.303415980503,0.15040421874691282
32,"(0, 4, 5, 3, 2, 1)",1.7594391552154862e-16,1.2316074086508404e-15,14107.242701107762,0.1343984315260228
32,"(0, 5, 4, 1, 2, 3)",6.451276902456783e-16,8.210716057672269e-16,23618.215548228454,0.22500848088309108
32,"(0, 5, 4, 2, 1, 3)",3.5188783104309725e-16,7.037756620861945e-16,24059.068581091815,0.22920844804929527
32,"(0, 5, 4, 3, 1, 2)",1.994031042577551e-15,1.237347721700431e-16,19385.6490310675,0.18468520061576263
32,"(0, 5, 4, 3, 2, 1)",1.5860251269243265e-16,1.1729594368103242e-16,17705.588316194764,0.1686794133948726
32,"(1, 2, 3, 4, 5, 0)",5.864797184051621e-16,7.624236339267108e-16,17705.588316194768,0.1686794133948726
32,"(1, 2, 3, 5, 4, 0)",2.3459188736206485e-16,7.037756620861945e-16,14107.24270110776,0.13439843152602277
32,"(2, 1, 3, 4, 5, 0)",4.750160124061947e-16,6.451276902456783e-16,19385.6490310675,0.18468520061576263
32,"(2, 1, 3, 5, 4, 0)",4.691837747241297e-16,1.0849874790495498e-15,15787.303415980501,0.15040421874691284
32,"(3, 1, 2, 4, 5, 0)",1.407551324172389e-15,1.6627885357737317e-16,24059.06858109181,0.2292084480492953
32,"(3, 1, 2, 5, 4, 0)",5.864797184051621e-16,7.624236339267108e-16,20460.72296600481,0.19492746618044549
32,"(3, 2, 1, 4, 5, 0)",4.691837747241297e-16,6.451276902456783e-16,23618.21554822845,0.2250084808830911
32,"(3, 2, 1, 5, 4, 0)",1.0556634931292917e-15,4.691837747241297e-16,20019.869933141446,0.19072749901424127
32,"(4, 5, 1, 2, 3, 0)",4.691837747241297e-16,9.970155212887755e-16,18084.772940134448,0.17229200412547457
32,"(4, 5, 2, 1, 3, 0)",1.2902553804913566e-15,1.114311464969808e-15,17081.915771888667,0.1627378525081117
32,"(4, 5, 3, 1, 2, 0)",2.510569349730371e-16,1.2316074086508404e-15,10718.888833748673,0.10211769147092348
32,"(4, 5, 3, 2, 1, 0)",7.037756620861945e-16,2.513764305207911e-16,7558.782710058737,0.07201184256921747
32,"(5, 4, 1, 2, 3, 0)",4.1053580288361347e-16,5.278317465646459e-16,20927.669548921127,0.1993760242495188
32,"(5, 4, 2, 1, 3, 0)",7.624236339267108e-16,6.451276902456783e-16,19924.812380675347,0.18982187263215594
32,"(5, 4, 3, 1, 2, 0)",2.6306928173196915e-16,3.5188783104309725e-16,13561.785442535354,0.12920171159496777
32,"(5, 4, 3, 2, 1, 0)",8.797195776077431e-16,4.1053580288361347e-16,10401.67931884542,0.09909586269326173
33,"(0, 1, 2, 3, 4, 5)",8.210716057672269e-16,7.037756620861945e-16,10750.545009851094,0.100914228318973
33,"(0, 1, 2, 3, 5, 4)",3.5188783104309725e-16,4.691837747241297e-16,7737.136467280928,0.07262768122721017
33,"(0, 2, 1, 3, 4, 5)",9.383675494482594e-16,3.69367695077691e-16,15239.727187648821,0.14305344567504538
33,"(0, 2, 1, 3, 5, 4)",2.3783852171720934e-16,6.744516761659365e-16,12226.318645078656,0.11476689858328254
33,"(0, 3, 1, 2, 4, 5)",1.8137619603909266e-16,1.1729594368103243e-15,22178.69133716521,0.20818896400419365
33,"(0, 3, 1, 2, 5, 4)",7.624236339267108e-16,1.2902553804913566e-15,19165.28279459505,0.17990241691243075
33,"(0, 3, 2, 1, 4, 5)",3.5188783104309725e-16,4.691837747241297e-16,23558.647138895885,0.22114252757252442
33,"(0, 3, 2, 1, 5, 4)",2.3459188736206485e-16,5.278317465646459e-16,20545.238596325726,0.19285598048076155
33,"(0, 4, 5, 1, 2, 3)",4.691837747241297e-16,5.57155732484904e-16,20844.633866308042,0.1956663721962449
33,"(0, 4, 5, 2, 1, 3)",3.6099857854612344e-16,7.917476198469688e-16,21402.659070021014,0.20090449572985472
33,"(0, 4, 5, 3, 1, 2)",3.372816382325993e-16,7.037756620861945e-16,16694.598337094438,0.15671042786568745
33,"(0, 4, 5, 3, 2, 1)",3.372816382325993e-16,3.5188783104309725e-16,14211.612625116208,0.13340290375209932
33,"(0, 5, 4, 1, 2, 3)",7.037756620861945e-16,1.2902553804913566e-15,24628.090245959662,0.23118109630981867
33,"(0, 5, 4, 2, 1, 3)",6.451276902456783e-16,8.797195776077431e-16,25186.115449672638,0.2364192198434285
33,"(0, 5, 4, 3, 1, 2)",9.383675494482594e-16,5.864797184051621e-16,20478.054716746068,0.19222515197926124
33,"(0, 5, 4, 3, 2, 1)",7.037756620861945e-16,8.210716057672269e-16,17995.06900476783,0.16891762786567302
33,"(1, 2, 3, 4, 5, 0)",1.8180871270560023e-15,4.6883154830853025e-16,17995.069004767836,0.16891762786567313
33,"(1, 2, 3, 5, 4, 0)",9.383675494482594e-16,2.3459188736206485e-16,14211.612625116206,0.1334029037520993
33,"(2, 1, 3, 4, 5, 0)",1.7594391552154862e-15,4.3055958518130337e-16,20478.054716746065,0.19222515197926124
33,"(2, 1, 3, 5, 4, 0)",7.917476198469688e-16,7.037756620861945e-16,16694.598337094445,0.15671042786568742
33,"(3, 1, 2, 4, 5, 0)",1.2316074086508404e-15,2.3459188736206485e-16,25186.115449672634,0.2364192198434284
33,"(3, 1, 2, 5, 4, 0)",7.037756620861945e-16,4.1053580288361347e-16,21402.659070021007,0.20090449572985464
33,"(3, 2, 1, 4, 5, 0)",1.407551324172389e-15,2.3459188736206485e-16,24628.090245959662,0.23118109630981865
33,"(3, 2, 1, 5, 4, 0)",5.864797184051621e-16,8.210716057672269e-16,20844.63386630804,0.1956663721962449
33,"(4, 5, 1, 2, 3, 0)",4.691837747241297e-16,4.691837747241297e-16,20545.23859632572,0.19285598048076164
33,"(4, 5, 2, 1, 3, 0)",2.0238320983898551e-16,5.864797184051621e-16,19165.282794595052,0.17990241691243075
33,"(4, 5, 3, 1, 2, 0)",4.1053580288361347e-16,1.0556634931292917e-15,12226.318645078652,0.11476689858328254
33,"(4, 5, 3, 2, 1, 0)",1.2902553804913566e-15,4.985077606443877e-16,7737.1364672809295,0.07262768122721018
33,"(5, 4, 1, 2, 3, 0)",4.691837747241297e-16,4.3784884857306527e-16,23558.647138895885,0.22114252757252442
33,"(5, 4, 2, 1, 3, 0)",4.691837747241297e-16,3.5188783104309725e-16,22178.691337165215,0.20818896400419362
33,"(5, 4, 3, 1, 2, 0)",2.702508455577506e-16,9.383675494482594e-16,15239.72718764882,0.1430534456750454
33,"(5, 4, 3, 2, 1, 0)",5.864797184051621e-16,7.037756620861945e-16,10750.545009851097,0.10091422831897304
34,"(0, 1, 2, 3, 4, 6, 5)",1.9429804863404646e-15,1.4642751491261471e-15,16031.481897538664,0.10421679822483387
34,"(0, 1, 2, 3, 5, 4, 6)",1.5769116990589277e-15,7.321375745630736e-16,11457.179481419022,0.07448040375351014
34,"(0, 1, 2, 3, 5, 6, 4)",9.010923994622443e-16,5.631827496639028e-16,10357.406872346215,0.0673310431195394
34,"(0, 1, 2, 3, 6, 4, 5)",1.2671611867437812e-15,1.5205934240925375e-15,16061.646031881417,0.10441289818662264
34,"(0, 1, 2, 4, 6, 5, 3)",2.08377617375644e-15,1.006139653185907e-15,22562.69682594391,0.1466747354433702
34,"(0, 1, 2, 5, 4, 6, 3)",1.0700472243614153e-15,2.252730998655611e-16,22404.199720159122,0.14564438338754707
34,"(0, 1, 2, 5, 6, 4, 3)",1.407956874159757e-15,2.646958923420343e-15,22300.34796159352,0.14496926776061445
34,"(0, 1, 2, 6, 4, 5, 3)",1.4642751491261471e-15,1.0586593932458607e-15,23590.640901543047,0.15335715583407958
34,"(0, 2, 1, 3, 4, 6, 5)",1.605070836542123e-15,2.844072885802709e-15,20919.52997163914,0.13599246600401643
34,"(0, 2, 1, 3, 5, 4, 6)",1.3516385991933667e-15,3.9422792476473193e-16,16345.227555519501,0.10625607153269268
34,"(0, 2, 1, 3, 5, 6, 4)",9.010923994622443e-16,1.2390020492605861e-15,15245.454946446693,0.09910671089872199
34,"(0, 2, 1, 3, 6, 4, 5)",1.830343936407684e-15,1.5487525615757326e-15,20949.69410598189,0.13618856596580522
34,"(0, 2, 1, 4, 6, 5, 3)",6.758192995966834e-16,1.1263654993278055e-15,27450.744900044396,0.1784504032225527
34,"(0, 2, 1, 5, 4, 6, 3)",1.013728949395025e-15,7.884558495294639e-16,27292.247794259594,0.1774200511667296
34,"(0, 2, 1, 5, 6, 4, 3)",1.3516385991933667e-15,1.4642751491261471e-15,27188.396035693997,0.17674493553979695
34,"(0, 2, 1, 6, 4, 5, 3)",1.3516385991933667e-15,5.555790966246251e-16,28478.688975643527,0.1851328236132621
34,"(0, 3, 4, 6, 5, 1, 2)",1.4642751491261471e-15,8.447741244958541e-16,35223.41195961791,0.22897903715345153
34,"(0, 3, 4, 6, 5, 2, 1)",1.6895482489917083e-15,1.2390020492605861e-15,32234.136557891936,0.20954646903901183
34,"(0, 3, 5, 4, 6, 1, 2)",5.631827496639028e-16,1.1263654993278055e-15,36988.89649044381,0.2404560329437106
34,"(0, 3, 5, 4, 6, 2, 1)",7.884558495294639e-16,1.3516385991933667e-15,33999.621088717824,0.22102346482927088
34,"(0, 3, 5, 6, 4, 1, 2)",1.0700472243614153e-15,1.6895482489917084e-16,36719.9044161322,0.23870737933016506
34,"(0, 3, 5, 6, 4, 2, 1)",1.1263654993278055e-15,1.2390020492605861e-15,33730.62901440622,0.21927481121572537
34,"(0, 3, 6, 4, 5, 1, 2)",5.737499250143504e-16,1.2390020492605861e-15,36086.21571947103,0.23458791955754804
34,"(0, 3, 6, 4, 5, 2, 1)",8.447741244958541e-16,1.2390020492605861e-15,33096.94031774506,0.21515535144310832
34,"(0, 4, 6, 5, 3, 1, 2)",2.4424237225966866e-16,1.8021847989244887e-15,22661.4825867069,0.14731691663462293
34,"(0, 4, 6, 5, 3, 2, 1)",4.505461997311222e-16,6.195010246302931e-16,19672.20718498093,0.1278843485201832
34,"(0, 5, 4, 6, 3, 1, 2)",2.815913748319514e-16,1.407956874159757e-15,28900.294136317058,0.1878737555241313
34,"(0, 5, 4, 6, 3, 2, 1)",6.195010246302931e-16,7.884558495294639e-16,25911.01873459108,0.16844118740969155
34,"(0, 5, 6, 4, 3, 1, 2)",1.210842911777391e-15,1.8021847989244887e-15,29563.703110899063,0.19218661360247785
34,"(0, 5, 6, 4, 3, 2, 1)",1.6613891115085132e-15,1.6895482489917083e-15,26574.427709173087,0.17275404548803813
34,"(0, 6, 4, 5, 3, 1, 2)",4.505461997311222e-16,6.758192995966834e-16,24542.880737231146,0.15954732354899687
34,"(0, 6, 4, 5, 3, 2, 1)",7.884558495294639e-16,5.631827496639028e-16,21553.605335505166,0.14011475543455718
34,"(1, 2, 3, 4, 6, 5, 0)",1.9136157302648087e-16,2.055617036273245e-15,26574.4277091731,0.17275404548803813
34,"(1, 2, 3, 5, 4, 6, 0)",4.4252363762373735e-16,5.631827496639028e-16,21553.605335505177,0.14011475543455715
34,"(1, 2, 3, 5, 6, 4, 0)",4.505461997311222e-16,5.631827496639028e-16,19672.207184980925,0.1278843485201832
34,"(1, 2, 3, 6, 4, 5, 0)",1.7177073864749034e-15,3.1097416214840745e-16,25911.018734591078,0.1684411874096916
34,"(1, 2, 4, 6, 5, 3, 0)",5.631827496639028e-16,9.010923994622443e-16,33730.62901440623,0.21927481121572542
34,"(1, 2, 5, 4, 6, 3, 0)",1.2390020492605861e-15,1.2390020492605861e-15,33096.94031774506,0.21515535144310832
34,"(1, 2, 5, 6, 4, 3, 0)",5.631827496639028e-16,1.013728949395025e-15,32234.136557891932,0.20954646903901178
34,"(1, 2, 6, 4, 5, 3, 0)",7.884558495294639e-16,7.602967120462688e-16,33999.62108871783,0.22102346482927088
34,"(2, 1, 3, 4, 6, 5, 0)",6.195010246302931e-16,5.610945196310555e-16,29563.703110899063,0.19218661360247785
34,"(2, 1, 3, 5, 4, 6, 0)",4.805469563724171e-16,4.505461997311222e-16,24542.88073723115,0.1595473235489968
34,"(2, 1, 3, 5, 6, 4, 0)",7.762681602939046e-16,1.013728949395025e-15,22661.482586706894,0.1473169166346229
34,"(2, 1, 3, 6, 4, 5, 0)",1.6613891115085132e-15,9.010923994622443e-16,28900.29413631705,0.1878737555241313
34,"(2, 1, 4, 6, 5, 3, 0)",1.8021847989244887e-15,6.758192995966834e-16,36719.904416132194,0.23870737933016511
34,"(2, 1, 5, 4, 6, 3, 0)",1.0700472243614153e-15,3.3260592229475603e-16,36086.21571947104,0.23458791955754807
34,"(2, 1, 5, 6, 4, 3, 0)",1.1826837742941957e-15,1.013728949395025e-15,35223.4119596179,0.22897903715345153
34,"(2, 1, 6, 4, 5, 3, 0)",8.161499200613363e-16,8.447741244958541e-16,36988.89649044381,0.2404560329437106
34,"(3, 4, 6, 5, 1, 2, 0)",1.1263654993278055e-15,1.1263654993278054e-16,27188.396035693997,0.17674493553979695
34,"(3, 4, 6, 5, 2, 1, 0)",6.195010246302931e-16,3.4806165874940025e-16,22300.34796159352,0.14496926776061447
34,"(3, 5, 4, 6, 1, 2, 0)",1.5769116990589277e-15,7.407721288328334e-16,28478.688975643527,0.1851328236132621
34,"(3, 5, 4, 6, 2, 1, 0)",5.631827496639028e-16,3.379096497983417e-16,23590.640901543044,0.15335715583407958
34,"(3, 5, 6, 4, 1, 2, 0)",1.0700472243614153e-15,6.091728920415118e-16,27450.744900044396,0.17845040322255268
34,"(3, 5, 6, 4, 2, 1, 0)",9.010923994622443e-16,2.252730998655611e-15,22562.69682594391,0.1466747354433701
34,"(3, 6, 4, 5, 1, 2, 0)",6.758192995966834e-16,1.6053005822705876e-15,27292.247794259605,0.17742005116672963
34,"(3, 6, 4, 5, 2, 1, 0)",1.2953203242269763e-15,1.0055114586093798e-15,22404.199720159122,0.1456443833875471
34,"(4, 6, 5, 3, 1, 2, 0)",1.3516385991933667e-15,5.913418871470979e-16,15245.45494644669,0.09910671089872199
34,"(4, 6, 5, 3, 2, 1, 0)",6.758192995966834e-16,2.7760847639341744e-16,10357.406872346217,0.06733104311953945
34,"(5, 4, 6, 3, 1, 2, 0)",1.4642751491261471e-15,5.623504337807149e-16,20949.694105981886,0.13618856596580517
34,"(5, 4, 6, 3, 2, 1, 0)",4.777283036369928e-16,4.505461997311222e-16,16061.646031881413,0.10441289818662262
34,"(5, 6, 4, 3, 1, 2, 0)",1.013728949395025e-15,7.225972258718729e-16,20919.52997163914,0.13599246600401643
34,"(5, 6, 4, 3, 2, 1, 0)",9.010923994622443e-16,2.5178443207775067e-16,16031.48189753866,0.10421679822483389
34,"(6, 4, 5, 3, 1, 2, 0)",1.013728949395025e-15,7.884558495294639e-16,16345.227555519501,0.10625607153269268
34,"(6, 4, 5, 3, 2, 1, 0)",7.884558495294639e-16,5.068644746975125e-16,11457.179481419023,0.07448040375351014
35,"(0, 1, 2, 4, 3, 5)",1.382451310761445e-15,1.966152975305166e-15,8641.915003783202,0.08319945423505129
35,"(0, 1, 2, 4, 5, 3)",4.915382438262915e-16,1.0137976278917263e-15,7519.767007031998,0.0723960500289483
35,"(0, 1, 3, 5, 2, 4)",9.216342071742967e-16,3.3810813355677737e-16,15140.03689206586,0.14575968474197945
35,"(0, 1, 3, 5, 4, 2)",6.758650852611509e-16,5.529805243045781e-16,14901.98869135692,0.14346789173406976
35,"(0, 1, 4, 2, 3, 5)",2.6461204593010685e-16,1.5974992924354477e-15,9646.81172511696,0.09287385221357992
35,"(0, 1, 4, 2, 5, 3)",1.8287163443767468e-16,2.4576912191314577e-16,8524.663728365756,0.08207044800747691
35,"(0, 1, 5, 3, 2, 4)",6.451439450220077e-16,4.3009596334800513e-16,16552.12311227495,0.15935444965262727
35,"(0, 1, 5, 3, 4, 2)",4.915382438262915e-16,9.216342071742967e-16,16314.074911566006,0.15706265664471752
35,"(0, 2, 4, 3, 5, 1)",9.83076487652583e-16,7.373073657394374e-16,20353.949884437145,0.19595628065902213
35,"(0, 2, 4, 5, 3, 1)",6.144228047828645e-16,2.9776849180244105e-16,19827.307665730168,0.19088606819403317
35,"(0, 3, 5, 2, 4, 1)",2.4576912191314577e-16,1.1059610486091561e-15,10714.003930133516,0.10314824148407632
35,"(0, 3, 5, 4, 2, 1)",6.144228047828645e-16,4.3009596334800513e-16,9834.66228025197,0.09468254824825352
35,"(0, 4, 2, 3, 5, 1)",1.253409617653912e-16,9.83076487652583e-16,20699.95786236546,0.19928744914563726
35,"(0, 4, 2, 5, 3, 1)",7.373073657394374e-16,9.216342071742967e-16,20173.315643658483,0.19421723668064828
35,"(0, 5, 3, 2, 4, 1)",1.8432684143485935e-16,6.144228047828645e-16,12731.924624780759,0.12257552981060446
35,"(0, 5, 3, 4, 2, 1)",1.228845609565729e-15,5.001374106426866e-16,11852.582974899222,0.11410983657478165
35,"(1, 2, 4, 3, 5, 0)",4.3009596334800513e-16,4.915382438262915e-16,11852.582974899218,0.11410983657478163
35,"(1, 2, 4, 5, 3, 0)",1.3517301705223018e-15,3.686536828697187e-16,9834.662280251969,0.09468254824825352
35,"(1, 3, 5, 2, 4, 0)",2.4576912191314577e-16,7.065862255002941e-16,20173.315643658483,0.1942172366806483
35,"(1, 3, 5, 4, 2, 0)",2.4576912191314577e-16,3.686536828697187e-16,19827.307665730175,0.19088606819403317
35,"(1, 4, 2, 3, 5, 0)",6.144228047828645e-16,9.83076487652583e-16,12731.924624780762,0.1225755298106045
35,"(1, 4, 2, 5, 3, 0)",1.966152975305166e-15,7.373073657394374e-16,10714.003930133507,0.10314824148407632
35,"(1, 5, 3, 2, 4, 0)",1.1059610486091561e-15,3.686536828697187e-16,20699.957862365456,0.1992874491456373
35,"(1, 5, 3, 4, 2, 0)",7.373073657394374e-16,4.915382438262915e-16,20353.949884437156,0.19595628065902224
35,"(2, 4, 3, 5, 1, 0)",1.0445187681308697e-15,4.3009596334800513e-16,16314.074911566004,0.15706265664471758
35,"(2, 4, 5, 3, 1, 0)",5.529805243045781e-16,3.726036891313768e-16,14901.988691356919,0.14346789173406976
35,"(3, 5, 2, 4, 1, 0)",9.83076487652583e-16,4.968049188418359e-16,8524.663728365758,0.08207044800747697
35,"(3, 5, 4, 2, 1, 0)",1.781826133870307e-15,3.3793254263057545e-16,7519.767007032,0.07239605002894832
35,"(4, 2, 3, 5, 1, 0)",6.455382555640685e-16,6.758650852611509e-16,16552.123112274952,0.1593544496526272
35,"(4, 2, 5, 3, 1, 0)",2.6655117985247472e-16,4.915382438262915e-16,15140.036892065864,0.14575968474197945
35,"(5, 3, 2, 4, 1, 0)",3.686536828697187e-16,9.83076487652583e-16,9646.81172511696,0.09287385221357992
35,"(5, 3, 4, 2, 1, 0)",6.144228047828645e-16,7.373073657394374e-16,8641.915003783204,0.08319945423505126
36,"(0, 1, 2, 3, 4, 5)",7.381720736586571e-16,1.7531586749393109e-15,5559.744277005409,0.055643900488153986
36,"(0, 1, 2, 4, 3, 5)",4.1142059179594705e-16,1.2302867894310953e-15,6637.248124063977,0.0664277191679015
36,"(0, 2, 1, 3, 4, 5)",7.381720736586571e-16,8.612007526017667e-16,8699.100745822489,0.08706337207630499
36,"(0, 2, 1, 4, 3, 5)",5.536290552439929e-16,6.151433947155477e-16,9776.604592881058,0.0978471907560525
36,"(0, 3, 4, 1, 2, 5)",5.834012483322412e-16,8.612007526017667e-16,17003.682951646537,0.17017891380485517
36,"(0, 3, 4, 2, 1, 5)",7.996864131302119e-16,1.045743771016431e-15,16295.4568840476,0.1630907351287995
36,"(0, 4, 3, 1, 2, 5)",7.994074683644008e-16,8.612007526017667e-16,16711.785996518716,0.16725750513663554
36,"(0, 4, 3, 2, 1, 5)",1.4763441473173143e-15,7.381720736586571e-16,16003.559928919776,0.16016932646057994
36,"(0, 5, 1, 2, 3, 4)",5.454372284653458e-16,9.227150920733215e-16,15171.23774945711,0.15183914970772952
36,"(0, 5, 1, 2, 4, 3)",4.3060037630088337e-16,7.996864131302119e-16,15571.094481804308,0.15584105826965167
36,"(0, 5, 2, 1, 3, 4)",6.028516735669611e-16,1.4148298078457597e-15,16836.145148086758,0.1685021358084568
36,"(0, 5, 2, 1, 4, 3)",3.6908603682932857e-16,1.6608871657319787e-15,17236.001880433945,0.1725040443703789
36,"(0, 5, 3, 4, 1, 2)",6.151433947155477e-16,7.381720736586571e-16,12373.574932438467,0.12383899145462915
36,"(0, 5, 3, 4, 2, 1)",3.0757169735777383e-16,6.151433947155477e-16,10279.245974336764,0.10287820147440377
36,"(0, 5, 4, 3, 1, 2)",2.1530018815044168e-16,9.227150920733215e-16,11426.231168553211,0.11435779029032482
36,"(0, 5, 4, 3, 2, 1)",5.228718855082155e-16,7.996864131302119e-16,9331.902210451504,0.09339700031009944
36,"(1, 2, 3, 4, 5, 0)",6.459005644513251e-16,5.536290552439929e-16,9331.90221045151,0.09339700031009944
36,"(1, 2, 4, 3, 5, 0)",4.613575460366608e-16,1.4607273940699992e-16,10279.245974336767,0.10287820147440378
36,"(2, 1, 3, 4, 5, 0)",3.0757169735777383e-16,7.996864131302119e-16,11426.231168553211,0.1143577902903248
36,"(2, 1, 4, 3, 5, 0)",1.1687724499595405e-15,1.045743771016431e-15,12373.574932438465,0.12383899145462916
36,"(3, 4, 1, 2, 5, 0)",6.766577341871025e-16,7.381720736586571e-16,17236.001880433945,0.17250404437037892
36,"(3, 4, 2, 1, 5, 0)",3.6908603682932857e-16,6.151433947155477e-16,15571.094481804306,0.15584105826965164
36,"(4, 3, 1, 2, 5, 0)",8.612007526017667e-16,4.921147157724382e-16,16836.145148086754,0.16850213580845677
36,"(4, 3, 2, 1, 5, 0)",2.7681452762199643e-16,4.921147157724382e-16,15171.237749457112,0.15183914970772952
36,"(5, 1, 2, 3, 4, 0)",6.766577341871025e-16,1.2302867894310954e-16,16003.55992891977,0.1601693264605799
36,"(5, 1, 2, 4, 3, 0)",3.9984320656510597e-16,1.1687724499595405e-15,16295.456884047599,0.16309073512879954
36,"(5, 2, 1, 3, 4, 0)",1.0765009407522083e-15,7.994181194168147e-17,16711.78599651871,0.1672575051366356
36,"(5, 2, 1, 4, 3, 0)",1.6668607095206885e-16,3.6908603682932857e-16,17003.682951646537,0.17017891380485514
36,"(5, 3, 4, 1, 2, 0)",1.1687724499595405e-15,4.3060037630088337e-16,9776.604592881058,0.09784719075605254
36,"(5, 3, 4, 2, 1, 0)",4.3060037630088337e-16,1.2302867894310954e-16,6637.24812406398,0.0664277191679015
36,"(5, 4, 3, 1, 2, 0)",7.0741490392287985e-16,3.0757169735777383e-16,8699.100745822494,0.08706337207630503
36,"(5, 4, 3, 2, 1, 0)",9.227150920733215e-16,1.1072581104879857e-15,5559.7442770054095,0.055643900488154006
37,"(0, 1, 2, 3, 4)",6.709733556930123e-16,7.319709334832861e-16,5200.8870284287095,0.06512919714942024
37,"(0, 2, 1, 3, 4)",3.6598546674164305e-16,2.4399031116109537e-16,7777.382025492438,0.09739389540204806
37,"(0, 3, 1, 2, 4)",9.759612446443815e-16,5.648904151484095e-17,12927.584504714858,0.16188838466805494
37,"(0, 3, 2, 1, 4)",4.879806223221907e-16,5.801159417785053e-17,13162.430573491285,0.16482929375327451
37,"(0, 4, 1, 2, 3)",3.215934288077756e-16,6.099757779027384e-16,12348.015668824755,0.15463061252879917
37,"(0, 4, 2, 1, 3)",2.4399031116109537e-16,6.099757779027384e-16,13261.187197285164,0.16606599425950055
37,"(0, 4, 3, 1, 2)",1.2199515558054768e-16,2.338903191828644e-16,10382.223901817271,0.13001357338753222
37,"(0, 4, 3, 2, 1)",3.6598546674164305e-16,6.410325926964358e-17,8953.746501990387,0.11212516595082529
37,"(1, 2, 3, 4, 0)",4.879806223221907e-16,1.7541773938714827e-16,8953.746501990387,0.11212516595082529
37,"(2, 1, 3, 4, 0)",7.319709334832861e-16,2.4399031116109537e-16,10382.223901817271,0.13001357338753217
37,"(3, 1, 2, 4, 0)",3.6598546674164305e-16,8.437626880210077e-17,13261.187197285166,0.16606599425950055
37,"(3, 2, 1, 4, 0)",2.768124164131933e-16,1.761570213975448e-16,12348.015668824752,0.15463061252879917
37,"(4, 1, 2, 3, 0)",3.049878889513692e-16,1.2199515558054768e-16,13162.430573491289,0.16482929375327451
37,"(4, 2, 1, 3, 0)",8.539660890638338e-16,3.9648425563677997e-16,12927.584504714858,0.16188838466805497
37,"(4, 3, 1, 2, 0)",3.049878889513692e-16,2.3135684660669125e-16,7777.382025492436,0.09739389540204803
37,"(4, 3, 2, 1, 0)",4.269830445319169e-16,3.9648425563677997e-16,5200.887028428708,0.06512919714942021
38,"(0, 1, 2, 3, 4, 5)",5.665123708996618e-16,6.758192995966834e-16,8594.057041938377,0.07120891990957408
38,"(0, 1, 2, 3, 5, 4)",1.210842911777391e-15,4.65359714353516e-16,7110.79022154551,0.058918847701964414
38,"(0, 1, 2, 4, 5, 3)",6.758192995966834e-16,1.7458665239580989e-15,13669.213328410606,0.11326087160636847
38,"(0, 1, 2, 5, 4, 3)",6.195010246302932e-16,1.7458665239580989e-15,13500.518824430477,0.1118630964676718
38,"(0, 2, 1, 3, 4, 5)",5.353192391879348e-16,9.010923994622445e-16,14757.585577734746,0.12227853226194545
38,"(0, 2, 1, 3, 5, 4)",6.758192995966834e-16,6.758192995966834e-16,13274.31875734188,0.10998846005433575
38,"(0, 2, 1, 4, 5, 3)",6.758192995966834e-16,4.505461997311223e-16,19832.741864206975,0.1643304839587398
38,"(0, 2, 1, 5, 4, 3)",3.6828951901369283e-16,1.6332299740253183e-15,19664.047360226843,0.1629327088200431
38,"(0, 3, 4, 5, 1, 2)",8.447741244958542e-16,6.758192995966834e-16,24837.26529137808,0.20579752818497993
38,"(0, 3, 4, 5, 2, 1)",1.0137289493950251e-15,2.7772607837244466e-16,20694.93906035493,0.17147488882515086
38,"(0, 3, 5, 4, 1, 2)",9.010923994622445e-16,1.5769116990589279e-15,25294.879997147433,0.20958924898047024
38,"(0, 3, 5, 4, 2, 1)",7.8845584952946395e-16,1.0137289493950251e-15,21152.553766124278,0.1752666096206412
38,"(0, 4, 5, 3, 1, 2)",7.8845584952946395e-16,2.1287947675624112e-16,17703.748248323012,0.1466903697477031
38,"(0, 4, 5, 3, 2, 1)",1.2390020492605863e-15,9.010923994622445e-16,13561.422017299858,0.11236773038787404
38,"(0, 5, 4, 3, 1, 2)",8.447741244958542e-16,9.010923994622445e-16,19500.294852342064,0.1615761159856419
38,"(0, 5, 4, 3, 2, 1)",1.0700472243614153e-15,3.2071724336527216e-16,15357.968621318912,0.12725347662581288
38,"(1, 2, 3, 4, 5, 0)",3.9422792476473197e-16,9.010923994622445e-16,15357.968621318912,0.12725347662581285
38,"(1, 2, 3, 5, 4, 0)",3.459233467387039e-16,2.660993459453015e-16,13561.42201729986,0.11236773038787407
38,"(1, 2, 4, 5, 3, 0)",4.505461997311223e-16,4.555999547645498e-16,21152.553766124278,0.17526660962064125
38,"(1, 2, 5, 4, 3, 0)",9.292515369454396e-16,7.039784370798786e-16,20694.939060354933,0.17147488882515086
38,"(2, 1, 3, 4, 5, 0)",7.055632047361988e-16,5.772910380574899e-16,19500.294852342064,0.1615761159856419
38,"(2, 1, 3, 5, 4, 0)",3.9914232316004297e-16,2.660993459453015e-16,17703.748248323016,0.1466903697477031
38,"(2, 1, 4, 5, 3, 0)",3.1679641137038993e-16,6.943151959311118e-16,25294.879997147436,0.2095892489804703
38,"(2, 1, 5, 4, 3, 0)",5.554450146031194e-16,9.574106744286347e-16,24837.26529137808,0.20579752818497987
38,"(3, 4, 5, 1, 2, 0)",9.010923994622445e-16,3.379096497983417e-16,19664.04736022684,0.16293270882004313
38,"(3, 4, 5, 2, 1, 0)",1.4079568741597571e-15,3.4396152800042515e-16,13500.518824430474,0.11186309646767179
38,"(3, 5, 4, 1, 2, 0)",1.0137289493950251e-15,1.1263654993278057e-15,19832.74186420697,0.16433048395873978
38,"(3, 5, 4, 2, 1, 0)",9.8556981191183e-16,3.9422792476473197e-16,13669.21332841061,0.11326087160636845
38,"(4, 5, 3, 1, 2, 0)",1.2276317300456423e-16,1.5769116990589279e-15,13274.31875734188,0.10998846005433571
38,"(4, 5, 3, 2, 1, 0)",1.2953203242269765e-15,6.195010246302932e-16,7110.79022154551,0.05891884770196438
38,"(5, 4, 3, 1, 2, 0)",3.0690793251141065e-16,4.505461997311223e-16,14757.58557773474,0.12227853226194545
38,"(5, 4, 3, 2, 1, 0)",1.942980486340465e-15,3.0862420946261593e-16,8594.057041938375,0.0712089199095741
39,"(0, 1, 2, 3, 4, 5, 6)",7.748836852113018e-16,6.199069481690415e-16,14329.986507519727,0.08257927624804758
39,"(0, 1, 2, 3, 4, 6, 5)",6.973953166901717e-16,7.748836852113018e-16,11460.231185093899,0.06604194398516255
39,"(0, 1, 2, 3, 5, 6, 4)",1.239813896338083e-15,5.1658912347420125e-16,22570.601185456744,0.13006774079219102
39,"(0, 1, 2, 3, 6, 5, 4)",1.291472808685503e-15,3.006692607327859e-16,21634.81039642681,0.12467489205435825
39,"(0, 2, 1, 3, 4, 5, 6)",1.7047441074648642e-15,4.13271298779361e-16,17771.338308536728,0.10241051291234564
39,"(0, 2, 1, 3, 4, 6, 5)",4.13271298779361e-16,6.199069481690415e-16,14901.582986110896,0.08587318064946063
39,"(0, 2, 1, 3, 5, 6, 4)",1.9113797568545445e-15,4.13271298779361e-16,26011.952986473738,0.14989897745648909
39,"(0, 2, 1, 3, 6, 5, 4)",8.26542597558722e-16,1.4560402233794283e-16,25076.162197443806,0.14450612871865634
39,"(0, 3, 1, 2, 4, 5, 6)",1.6014262827700239e-15,4.649302111267811e-16,23497.009967453618,0.13540576687637038
39,"(0, 3, 1, 2, 4, 6, 5)",4.649302111267811e-16,1.291472808685503e-15,20627.254645027777,0.11886843461348534
39,"(0, 3, 1, 2, 5, 6, 4)",8.26542597558722e-16,1.1128575432079464e-15,31737.624645390617,0.1828942314205138
39,"(0, 3, 1, 2, 6, 5, 4)",1.5226797081983238e-16,2.066356493896805e-16,30801.833856360692,0.17750138268268106
39,"(0, 3, 2, 1, 4, 5, 6)",6.715658605164617e-16,6.199069481690415e-16,24730.124310866555,0.14251219691188527
39,"(0, 3, 2, 1, 4, 6, 5)",9.298604222535622e-16,1.1364960716432428e-15,21860.368988440725,0.1259748646490002
39,"(0, 3, 2, 1, 5, 6, 4)",5.1658912347420125e-16,7.553969625460548e-16,32970.73898880357,0.19000066145602867
39,"(0, 3, 2, 1, 6, 5, 4)",1.0331782469484025e-15,5.427913725662017e-16,32034.94819977363,0.18460781271819593
39,"(0, 4, 5, 6, 1, 2, 3)",1.653085195117444e-15,4.649302111267811e-16,36733.564723269265,0.2116844558706164
39,"(0, 4, 5, 6, 2, 1, 3)",7.232247728638817e-16,1.0448257832191503e-15,36529.50998568641,0.21050849852025705
39,"(0, 4, 5, 6, 3, 1, 2)",6.199069481690415e-16,6.199069481690415e-16,31486.73458280728,0.18144854242171538
39,"(0, 4, 5, 6, 3, 2, 1)",1.7564030198122842e-15,8.26542597558722e-16,29507.274160305773,0.17004149380006753
39,"(0, 4, 6, 5, 1, 2, 3)",1.239813896338083e-15,1.0255401159041826e-15,37908.903823268025,0.21845784420757403
39,"(0, 4, 6, 5, 2, 1, 3)",4.13271298779361e-16,9.298604222535622e-16,37704.84908568517,0.21728188685721456
39,"(0, 4, 6, 5, 3, 1, 2)",1.3947906333803433e-15,4.13271298779361e-16,32662.073682806036,0.18822193075867294
39,"(0, 4, 6, 5, 3, 2, 1)",6.199069481690415e-16,5.1658912347420125e-16,30682.613260304537,0.17681488213702512
39,"(0, 5, 6, 4, 1, 2, 3)",1.7564030198122842e-15,4.503411891021844e-16,25743.649374664325,0.14835305837175908
39,"(0, 5, 6, 4, 2, 1, 3)",7.748836852113018e-16,1.0331782469484025e-15,25539.594637081478,0.1471771010213997
39,"(0, 5, 6, 4, 3, 1, 2)",2.479627792676166e-15,2.07090504919989e-16,20496.81923420233,0.11811714492285799
39,"(0, 5, 6, 4, 3, 2, 1)",1.1364960716432428e-15,3.70350394039804e-16,18517.358811700837,0.10671009630121024
39,"(0, 6, 5, 4, 1, 2, 3)",2.3246510556339056e-15,3.773778044096552e-16,29028.00199041236,0.16727951235744679
39,"(0, 6, 5, 4, 2, 1, 3)",9.815193346009823e-16,8.26542597558722e-16,28823.94725282951,0.16610355500708737
39,"(0, 6, 5, 4, 3, 1, 2)",7.748836852113018e-16,5.1658912347420125e-16,23781.171849950362,0.1370435989085457
39,"(0, 6, 5, 4, 3, 2, 1)",9.556898784272722e-16,3.9539815895743123e-16,21801.711427448863,0.12563655028689794
39,"(1, 2, 3, 4, 5, 6, 0)",8.523720537324321e-16,6.199069481690415e-16,21801.711427448863,0.12563655028689794
39,"(1, 2, 3, 4, 6, 5, 0)",1.4464495457277634e-15,7.232247728638817e-16,18517.358811700833,0.10671009630121024
39,"(1, 2, 3, 5, 6, 4, 0)",8.26542597558722e-16,2.1755767502209836e-16,30682.613260304533,0.17681488213702512
39,"(1, 2, 3, 6, 5, 4, 0)",1.291472808685503e-15,8.26542597558722e-16,29507.274160305777,0.17004149380006758
39,"(2, 1, 3, 4, 5, 6, 0)",9.298604222535622e-16,5.1658912347420125e-16,23781.17184995037,0.1370435989085457
39,"(2, 1, 3, 4, 6, 5, 0)",9.040309660798522e-16,3.0995347408452076e-16,20496.81923420232,0.11811714492285799
39,"(2, 1, 3, 5, 6, 4, 0)",1.0331782469484025e-15,4.895047687997214e-16,32662.073682806033,0.18822193075867294
39,"(2, 1, 3, 6, 5, 4, 0)",1.239813896338083e-15,1.7375220315288688e-16,31486.734582807272,0.18144854242171535
39,"(3, 1, 2, 4, 5, 6, 0)",2.944558003802947e-15,4.612978521170032e-16,28823.947252829512,0.16610355500708737
39,"(3, 1, 2, 4, 6, 5, 0)",5.682480358216214e-16,7.232247728638817e-16,25539.594637081467,0.14717710102139966
39,"(3, 1, 2, 5, 6, 4, 0)",7.232247728638817e-16,5.1658912347420125e-16,37704.84908568518,0.21728188685721456
39,"(3, 1, 2, 6, 5, 4, 0)",1.0848371592958225e-15,7.232247728638817e-16,36529.50998568641,0.21050849852025696
39,"(3, 2, 1, 4, 5, 6, 0)",7.232247728638817e-16,5.1658912347420125e-16,29028.001990412355,0.16727951235744679
39,"(3, 2, 1, 4, 6, 5, 0)",1.5497673704226037e-15,7.748836852113018e-16,25743.649374664325,0.14835305837175905
39,"(3, 2, 1, 5, 6, 4, 0)",1.5497673704226037e-15,4.883524361448488e-16,37908.903823268025,0.21845784420757403
39,"(3, 2, 1, 6, 5, 4, 0)",8.782015099061421e-16,4.681761359978589e-16,36733.56472326926,0.21168445587061643
39,"(4, 5, 6, 1, 2, 3, 0)",5.1658912347420125e-16,3.243465593251864e-16,32034.94819977363,0.1846078127181959
39,"(4, 5, 6, 2, 1, 3, 0)",8.26542597558722e-16,1.239813896338083e-15,30801.83385636069,0.17750138268268098
39,"(4, 5, 6, 3, 1, 2, 0)",6.199069481690415e-16,1.0331782469484025e-15,25076.16219744381,0.1445061287186563
39,"(4, 5, 6, 3, 2, 1, 0)",3.0995347408452076e-16,5.1658912347420125e-16,21634.810396426805,0.12467489205435824
39,"(4, 6, 5, 1, 2, 3, 0)",4.865096983778703e-16,1.0331782469484025e-15,32970.73898880356,0.19000066145602867
39,"(4, 6, 5, 2, 1, 3, 0)",6.199069481690415e-16,1.0331782469484025e-15,31737.624645390617,0.1828942314205138
39,"(4, 6, 5, 3, 1, 2, 0)",7.748836852113018e-16,3.6161238643194085e-16,26011.952986473734,0.14989897745648914
39,"(4, 6, 5, 3, 2, 1, 0)",6.199069481690415e-16,4.649302111267811e-16,22570.601185456744,0.13006774079219102
39,"(5, 6, 4, 1, 2, 3, 0)",1.239813896338083e-15,7.748836852113018e-16,21860.36898844073,0.12597486464900023
39,"(5, 6, 4, 2, 1, 3, 0)",2.169674318591645e-15,5.682480358216214e-16,20627.25464502778,0.11886843461348534
39,"(5, 6, 4, 3, 1, 2, 0)",1.1623255278169528e-15,3.874418426056509e-16,14901.582986110894,0.08587318064946063
39,"(5, 6, 4, 3, 2, 1, 0)",1.3947906333803433e-15,8.26542597558722e-16,11460.2311850939,0.06604194398516254
39,"(6, 5, 4, 1, 2, 3, 0)",3.6161238643194085e-16,3.83604564601035e-16,24730.12431086655,0.14251219691188527
39,"(6, 5, 4, 2, 1, 3, 0)",1.291472808685503e-15,1.0331782469484025e-15,23497.009967453614,0.13540576687637038
39,"(6, 5, 4, 3, 1, 2, 0)",1.239813896338083e-15,2.7126073622514034e-16,17771.338308536724,0.10241051291234567
39,"(6, 5, 4, 3, 2, 1, 0)",1.1106666154695328e-15,7.748836852113018e-16,14329.986507519732,0.08257927624804755
