scene,t,axis,tau,budget,achieved,global_gap
pure_x,0,x,0.0,1.0,1.0,5.514959212860049e-05
pure_x,1,x,0.0,1.0,1.0,5.072055998311953e-05
pure_x,2,x,0.0,1.0,1.0,5.58794875047397e-05
pure_x,3,x,0.0,1.0,1.0,5.27574533890629e-05
pure_x,4,x,0.0,1.0,1.0,5.109950396331442e-05
pure_x,5,x,0.0,1.0,1.0,5.5089460374802e-05
pure_x,6,x,0.0,1.0,1.0,5.3962587344358326e-05
pure_x,7,x,0.0,1.0,1.0,5.2207325438757834e-05
pure_x,8,x,0.0,1.0,1.0,5.275636816293172e-05
pure_x,9,x,0.0,1.0,1.0,5.321486408149667e-05
pure_x,10,x,0.0,1.0,1.0,5.366112122828781e-05
pure_x,11,x,0.0,1.0,1.0,5.153494170428985e-05
pure_x,12,x,0.0,1.0,1.0,5.2923845672125935e-05
pure_x,13,x,0.0,1.0,1.0,5.395238005689862e-05
pure_x,14,x,0.0,1.0,1.0,4.927232407681004e-05
pure_x,15,x,0.0,1.0,1.0,5.4373492261561296e-05
pure_x,16,x,0.0,1.0,1.0,5.366962787434204e-05
pure_x,17,x,0.0,1.0,1.0,4.833043115581859e-05
pure_x,18,x,0.0,1.0,1.0,5.5472753032859146e-05
pure_x,19,x,0.0,1.0,1.0,5.3523019261092486e-05
pure_x,20,x,0.0,1.0,1.0,4.8995336214829877e-05
pure_x,0,y,0.0,1.0,1.0,0.00010657505896460862
pure_x,1,y,0.0,1.0,1.0,8.904859680569643e-05
pure_x,2,y,0.0,1.0,1.0,9.533092276114985e-05
pure_x,3,y,0.0,1.0,1.0,9.827907399539981e-05
pure_x,4,y,0.0,1.0,1.0,8.844303692967515e-05
pure_x,5,y,0.0,1.0,1.0,9.38483955224001e-05
pure_x,6,y,0.0,1.0,1.0,9.857872169050097e-05
pure_x,7,y,0.0,1.0,1.0,9.135150486372368e-05
pure_x,8,y,0.0,1.0,1.0,9.233742736114436e-05
pure_x,9,y,0.0,1.0,1.0,9.792838727662456e-05
pure_x,10,y,0.0,1.0,1.0,9.5092764297533e-05
pure_x,11,y,0.0,1.0,1.0,8.925893871492008e-05
pure_x,12,y,0.0,1.0,1.0,9.296558954474676e-05
pure_x,13,y,0.0,1.0,1.0,9.635740292424089e-05
pure_x,14,y,0.0,1.0,1.0,8.400199021707522e-05
pure_x,15,y,0.0,1.0,1.0,9.413126190338517e-05
pure_x,16,y,0.0,1.0,1.0,9.54817163574262e-05
pure_x,17,y,0.0,1.0,1.0,8.037293184770533e-05
pure_x,18,y,0.0,1.0,1.0,9.569644021212298e-05
pure_x,19,y,0.0,1.0,1.0,9.340211403241483e-05
pure_x,20,y,0.0,1.0,1.0,8.197597912840138e-05
pure_y,0,x,0.0,1.0,1.0,5.514959212860049e-05
pure_y,1,x,0.0,1.0,1.0,5.3259162541507976e-05
pure_y,2,x,0.0,1.0,1.0,5.482637639886434e-05
pure_y,3,x,0.0,1.0,1.0,5.27090812880715e-05
pure_y,4,x,0.0,1.0,1.0,5.2972455321764755e-05
pure_y,5,x,0.0,1.0,1.0,5.4008203164812585e-05
pure_y,6,x,0.0,1.0,1.0,5.390061838284055e-05
pure_y,7,x,0.0,1.0,1.0,5.144365461262623e-05
pure_y,8,x,0.0,1.0,1.0,5.290034670224486e-05
pure_y,9,x,0.0,1.0,1.0,5.437853214118604e-05
pure_y,10,x,0.0,1.0,1.0,5.104805413225222e-05
pure_y,11,x,0.0,1.0,1.0,5.257269374681073e-05
pure_y,12,x,0.0,1.0,1.0,5.430459745525695e-05
pure_y,13,x,0.0,1.0,1.0,5.1466754058537845e-05
pure_y,14,x,0.0,1.0,1.0,5.204256281388098e-05
pure_y,15,x,0.0,1.0,1.0,5.589588818111224e-05
pure_y,16,x,0.0,1.0,1.0,5.1391792013077975e-05
pure_y,17,x,0.0,1.0,1.0,5.304171313014194e-05
pure_y,18,x,0.0,1.0,1.0,5.6270002588121315e-05
pure_y,19,x,0.0,1.0,1.0,5.217003777602258e-05
pure_y,20,x,0.0,1.0,1.0,5.432040798325488e-05
pure_y,0,y,0.0,1.0,1.0,0.00010657505896460862
pure_y,1,y,0.0,1.0,1.0,9.710456890843489e-05
pure_y,2,y,0.0,1.0,1.0,9.849763148395141e-05
pure_y,3,y,0.0,1.0,1.0,9.653227391481778e-05
pure_y,4,y,0.0,1.0,1.0,9.62934818744543e-05
pure_y,5,y,0.0,1.0,1.0,9.739786759155322e-05
pure_y,6,y,0.0,1.0,1.0,9.741478288560756e-05
pure_y,7,y,0.0,1.0,1.0,9.512566089142638e-05
pure_y,8,y,0.0,1.0,1.0,9.619229274449026e-05
pure_y,9,y,0.0,1.0,1.0,9.680735121264661e-05
pure_y,10,y,0.0,1.0,1.0,9.68455672705204e-05
pure_y,11,y,0.0,1.0,1.0,9.741392187834208e-05
pure_y,12,y,0.0,1.0,1.0,9.66054303717101e-05
pure_y,13,y,0.0,1.0,1.0,9.665236791533971e-05
pure_y,14,y,0.0,1.0,1.0,9.656709369210148e-05
pure_y,15,y,0.0,1.0,1.0,9.809408589944724e-05
pure_y,16,y,0.0,1.0,1.0,9.684161602763197e-05
pure_y,17,y,0.0,1.0,1.0,9.784489839148591e-05
pure_y,18,y,0.0,1.0,1.0,9.694017973060909e-05
pure_y,19,y,0.0,1.0,1.0,9.767423625817173e-05
pure_y,20,y,0.0,1.0,1.0,9.916529728570822e-05
diagonal,0,x,0.0,1.0,1.0,5.514959212860049e-05
diagonal,1,x,0.0,1.0,1.0,4.927897234097145e-05
diagonal,2,x,0.0,1.0,1.0,4.9855120579422874e-05
diagonal,3,x,0.0,1.0,1.0,5.343809387170495e-05
diagonal,4,x,0.0,1.0,1.0,5.405345828535246e-05
diagonal,5,x,0.0,1.0,1.0,5.607703424459487e-05
diagonal,6,x,0.0,1.0,1.0,5.14060263014926e-05
diagonal,7,x,0.0,1.0,1.0,5.047567006499776e-05
diagonal,8,x,0.0,1.0,1.0,4.895394562254296e-05
diagonal,9,x,0.0,1.0,1.0,5.4367733540061636e-05
diagonal,10,x,0.0,1.0,1.0,5.121811057051673e-05
diagonal,11,x,0.0,1.0,1.0,5.3912130539401915e-05
diagonal,12,x,0.0,1.0,1.0,5.3160292623033456e-05
diagonal,13,x,0.0,1.0,1.0,5.258159553989117e-05
diagonal,14,x,0.0,1.0,1.0,4.868199039265164e-05
diagonal,15,x,0.0,1.0,1.0,5.3112900531004925e-05
diagonal,16,x,0.0,1.0,1.0,5.1601269390744164e-05
diagonal,17,x,0.0,1.0,1.0,4.9730094502820066e-05
diagonal,18,x,0.0,1.0,1.0,5.462964841740359e-05
diagonal,19,x,0.0,1.0,1.0,5.2554611130517515e-05
diagonal,20,x,0.0,1.0,1.0,5.185397056095553e-05
diagonal,0,y,0.0,1.0,1.0,0.00010657505896460862
diagonal,1,y,0.0,1.0,1.0,8.545994717223948e-05
diagonal,2,y,0.0,1.0,1.0,8.501100876401324e-05
diagonal,3,y,0.0,1.0,1.0,9.551409698360658e-05
diagonal,4,y,0.0,1.0,1.0,9.342702247749912e-05
diagonal,5,y,0.0,1.0,1.0,9.972148069437026e-05
diagonal,6,y,0.0,1.0,1.0,9.334039310715525e-05
diagonal,7,y,0.0,1.0,1.0,8.865783371447833e-05
diagonal,8,y,0.0,1.0,1.0,8.753912754855264e-05
diagonal,9,y,0.0,1.0,1.0,9.710332949453004e-05
diagonal,10,y,0.0,1.0,1.0,9.286698559662909e-05
diagonal,11,y,0.0,1.0,1.0,9.496080900817105e-05
diagonal,12,y,0.0,1.0,1.0,0.00010225274348840685
diagonal,13,y,0.0,1.0,1.0,8.805922948340594e-05
diagonal,14,y,0.0,1.0,1.0,8.321356779106281e-05
diagonal,15,y,0.0,1.0,1.0,9.223361900012605e-05
diagonal,16,y,0.0,1.0,1.0,9.230229670720291e-05
diagonal,17,y,0.0,1.0,1.0,8.719439944115948e-05
diagonal,18,y,0.0,1.0,1.0,9.900064782186746e-05
diagonal,19,y,0.0,1.0,1.0,9.66353692319899e-05
diagonal,20,y,0.0,1.0,1.0,8.980945028724818e-05
same_x,0,x,7.277213162357725,8.277213162357725,8.277213162357725,0.0
same_x,1,x,7.277213162357725,8.277213162357725,8.277213162357725,0.0
same_x,2,x,7.277213162357725,8.277213162357725,8.277213162357725,0.0
same_x,3,x,7.277213162357725,8.277213162357725,8.277213162357725,0.0
same_x,4,x,7.277213162357725,8.277213162357725,8.277213162357725,0.0
same_x,5,x,7.277213162357725,8.277213162357725,8.277213162357725,0.0
same_x,6,x,7.277213162357725,8.277213162357725,8.277213162357725,0.0
same_x,7,x,7.277213162357725,8.277213162357725,8.277213162357725,0.0
same_x,8,x,7.277213162357725,8.277213162357725,8.277213162357725,0.0
same_x,9,x,7.277213162357725,8.277213162357725,8.277213162357725,0.0
same_x,10,x,7.277213162357725,8.277213162357725,8.277213162357725,0.0
same_x,11,x,7.277213162357725,8.277213162357725,8.277213162357725,0.0
same_x,12,x,7.277213162357725,8.277213162357725,8.277213162357725,0.0
same_x,13,x,7.277213162357725,8.277213162357725,8.277213162357725,0.0
same_x,14,x,7.277213162357725,8.277213162357725,8.277213162357725,0.0
same_x,15,x,7.277213162357725,8.277213162357725,8.277213162357725,0.0
same_x,16,x,7.277213162357725,8.277213162357725,8.277213162357725,0.0
same_x,17,x,7.277213162357725,8.277213162357725,8.277213162357725,0.0
same_x,18,x,7.277213162357725,8.277213162357725,8.277213162357725,0.0
same_x,19,x,7.277213162357725,8.277213162357725,8.277213162357725,0.0
same_x,20,x,7.277213162357725,8.277213162357725,8.277213162357725,0.0
same_x,0,y,0.0,1.0,5.197438284199052e-07,0.0
same_x,1,y,0.0,1.0,5.197438355253325e-07,7.498060869311459e-14
same_x,2,y,0.0,1.0,5.197438355253325e-07,6.892489913650066e-14
same_x,3,y,0.0,1.0,5.197438355253325e-07,6.892489913650066e-14
same_x,4,y,0.0,1.0,5.197438355253325e-07,6.892489913650066e-14
same_x,5,y,0.0,1.0,5.197438355253325e-07,6.892489913650066e-14
same_x,6,y,0.0,1.0,5.197438355253325e-07,6.892489913650066e-14
same_x,7,y,0.0,1.0,5.197438355253325e-07,6.892489913650066e-14
same_x,8,y,0.0,1.0,5.197438355253325e-07,6.892489913650066e-14
same_x,9,y,0.0,1.0,5.197438355253325e-07,6.892489913650066e-14
same_x,10,y,0.0,1.0,5.197438355253325e-07,6.892489913650066e-14
same_x,11,y,0.0,1.0,5.197438355253325e-07,6.892489913650066e-14
same_x,12,y,0.0,1.0,5.197438355253325e-07,6.892489913650066e-14
same_x,13,y,0.0,1.0,5.197438355253325e-07,6.892489913650066e-14
same_x,14,y,0.0,1.0,5.197438355253325e-07,6.892489913650066e-14
same_x,15,y,0.0,1.0,5.197438355253325e-07,6.892489913650066e-14
same_x,16,y,0.0,1.0,5.197438355253325e-07,6.892489913650066e-14
same_x,17,y,0.0,1.0,5.197438355253325e-07,6.892489913650066e-14
same_x,18,y,0.0,1.0,5.197438355253325e-07,6.892489913650066e-14
same_x,19,y,0.0,1.0,5.197438355253325e-07,6.892489913650066e-14
same_x,20,y,0.0,1.0,5.197438355253325e-07,6.892489913650066e-14
same_y,0,x,0.0,1.0,2.0559504463335543e-06,8.103643521329695e-14
same_y,1,x,0.0,1.0,2.0559504356754132e-06,5.861965518085251e-14
same_y,2,x,0.0,1.0,2.0559504356754132e-06,0.0
same_y,3,x,0.0,1.0,2.0559504356754132e-06,0.0
same_y,4,x,0.0,1.0,2.0559504356754132e-06,0.0
same_y,5,x,0.0,1.0,2.0559504356754132e-06,0.0
same_y,6,x,0.0,1.0,2.0559504356754132e-06,0.0
same_y,7,x,0.0,1.0,2.0559504356754132e-06,0.0
same_y,8,x,0.0,1.0,2.0559504356754132e-06,0.0
same_y,9,x,0.0,1.0,2.0559504356754132e-06,0.0
same_y,10,x,0.0,1.0,2.0559504356754132e-06,0.0
same_y,11,x,0.0,1.0,2.0559504356754132e-06,0.0
same_y,12,x,0.0,1.0,2.0559504356754132e-06,0.0
same_y,13,x,0.0,1.0,2.0559504356754132e-06,0.0
same_y,14,x,0.0,1.0,2.0559504356754132e-06,0.0
same_y,15,x,0.0,1.0,2.0559504356754132e-06,0.0
same_y,16,x,0.0,1.0,2.0559504356754132e-06,0.0
same_y,17,x,0.0,1.0,2.0559504356754132e-06,0.0
same_y,18,x,0.0,1.0,2.0559504356754132e-06,0.0
same_y,19,x,0.0,1.0,2.0559504356754132e-06,0.0
same_y,20,x,0.0,1.0,2.0559504356754132e-06,0.0
same_y,0,y,7.264465916851535,8.264465916851535,8.264465916851535,0.0
same_y,1,y,7.264465916851535,8.264465916851535,8.264465916851535,0.0
same_y,2,y,7.264465916851535,8.264465916851535,8.264465916851535,0.0
same_y,3,y,7.264465916851535,8.264465916851535,8.264465916851535,0.0
same_y,4,y,7.264465916851535,8.264465916851535,8.264465916851535,0.0
same_y,5,y,7.264465916851535,8.264465916851535,8.264465916851535,0.0
same_y,6,y,7.264465916851535,8.264465916851535,8.264465916851535,0.0
same_y,7,y,7.264465916851535,8.264465916851535,8.264465916851535,0.0
same_y,8,y,7.264465916851535,8.264465916851535,8.264465916851535,0.0
same_y,9,y,7.264465916851535,8.264465916851535,8.264465916851535,0.0
same_y,10,y,7.264465916851535,8.264465916851535,8.264465916851535,0.0
same_y,11,y,7.264465916851535,8.264465916851535,8.264465916851535,0.0
same_y,12,y,7.264465916851535,8.264465916851535,8.264465916851535,0.0
same_y,13,y,7.264465916851535,8.264465916851535,8.264465916851535,0.0
same_y,14,y,7.264465916851535,8.264465916851535,8.264465916851535,0.0
same_y,15,y,7.264465916851535,8.264465916851535,8.264465916851535,0.0
same_y,16,y,7.264465916851535,8.264465916851535,8.264465916851535,0.0
same_y,17,y,7.264465916851535,8.264465916851535,8.264465916851535,0.0
same_y,18,y,7.264465916851535,8.264465916851535,8.264465916851535,0.0
same_y,19,y,7.264465916851535,8.264465916851535,8.264465916851535,0.0
same_y,20,y,7.264465916851535,8.264465916851535,8.264465916851535,0.0
hierarchy_conflict,0,x,27.222079097730646,28.222079097730646,28.222079097730642,1.4262971490097698e-05
hierarchy_conflict,1,x,27.222079097730646,28.222079097730646,28.222079097730642,1.029017175824265e-05
hierarchy_conflict,2,x,27.222079097730646,28.222079097730646,28.222079097730642,1.0290169029758545e-05
hierarchy_conflict,3,x,27.222079097730646,28.222079097730646,28.222079097730642,1.0290169029758545e-05
hierarchy_conflict,4,x,27.222079097730646,28.222079097730646,28.222079097730642,1.0290168575011194e-05
hierarchy_conflict,5,x,27.222079097730646,28.222079097730646,28.222079097730642,1.0290168575011194e-05
hierarchy_conflict,6,x,27.222079097730646,28.222079097730646,28.222079097730642,1.0290168575011194e-05
hierarchy_conflict,7,x,27.222079097730646,28.222079097730646,28.222079097730642,1.0290169029758545e-05
hierarchy_conflict,8,x,27.222079097730646,28.222079097730646,28.222079097730642,1.0290169029758545e-05
hierarchy_conflict,9,x,27.222079097730646,28.222079097730646,28.222079097730642,1.0290169029758545e-05
hierarchy_conflict,10,x,27.222079097730646,28.222079097730646,28.222079097730642,1.0290169029758545e-05
hierarchy_conflict,11,x,27.222079097730646,28.222079097730646,28.222079097730642,1.0290169029758545e-05
hierarchy_conflict,12,x,27.222079097730646,28.222079097730646,28.222079097730642,1.0290169029758545e-05
hierarchy_conflict,13,x,27.222079097730646,28.222079097730646,28.222079097730642,1.0290169029758545e-05
hierarchy_conflict,14,x,27.222079097730646,28.222079097730646,28.222079097730642,1.0290169029758545e-05
hierarchy_conflict,15,x,27.222079097730646,28.222079097730646,28.222079097730642,1.0290169029758545e-05
hierarchy_conflict,16,x,27.222079097730646,28.222079097730646,28.222079097730642,1.0290169029758545e-05
hierarchy_conflict,17,x,27.222079097730646,28.222079097730646,28.222079097730642,1.0290169029758545e-05
hierarchy_conflict,18,x,27.222079097730646,28.222079097730646,28.222079097730642,1.0290169029758545e-05
hierarchy_conflict,19,x,27.222079097730646,28.222079097730646,28.222079097730642,1.0290169029758545e-05
hierarchy_conflict,20,x,27.222079097730646,28.222079097730646,28.222079097730642,1.0290169029758545e-05
hierarchy_conflict,0,y,11.247022318495407,12.247022318495407,11.2470223184954,0.0
hierarchy_conflict,1,y,11.247022318495407,12.247022318495407,11.247022318495407,1.1368683772161603e-13
hierarchy_conflict,2,y,11.247022318495407,12.247022318495407,11.247022318495407,1.1368683772161603e-13
hierarchy_conflict,3,y,11.247022318495407,12.247022318495407,11.247022318495407,1.1368683772161603e-13
hierarchy_conflict,4,y,11.247022318495407,12.247022318495407,11.247022318495407,1.1368683772161603e-13
hierarchy_conflict,5,y,11.247022318495407,12.247022318495407,11.247022318495407,1.1368683772161603e-13
hierarchy_conflict,6,y,11.247022318495407,12.247022318495407,11.247022318495407,1.1368683772161603e-13
hierarchy_conflict,7,y,11.247022318495407,12.247022318495407,11.247022318495407,1.1368683772161603e-13
hierarchy_conflict,8,y,11.247022318495407,12.247022318495407,11.247022318495407,1.1368683772161603e-13
hierarchy_conflict,9,y,11.247022318495407,12.247022318495407,11.247022318495407,1.1368683772161603e-13
hierarchy_conflict,10,y,11.247022318495407,12.247022318495407,11.247022318495407,1.1368683772161603e-13
hierarchy_conflict,11,y,11.247022318495407,12.247022318495407,11.247022318495407,1.1368683772161603e-13
hierarchy_conflict,12,y,11.247022318495407,12.247022318495407,11.247022318495407,1.1368683772161603e-13
hierarchy_conflict,13,y,11.247022318495407,12.247022318495407,11.247022318495407,1.1368683772161603e-13
hierarchy_conflict,14,y,11.247022318495407,12.247022318495407,11.247022318495407,1.1368683772161603e-13
hierarchy_conflict,15,y,11.247022318495407,12.247022318495407,11.247022318495407,1.1368683772161603e-13
hierarchy_conflict,16,y,11.247022318495407,12.247022318495407,11.247022318495407,1.1368683772161603e-13
hierarchy_conflict,17,y,11.247022318495407,12.247022318495407,11.247022318495407,1.1368683772161603e-13
hierarchy_conflict,18,y,11.247022318495407,12.247022318495407,11.247022318495407,1.1368683772161603e-13
hierarchy_conflict,19,y,11.247022318495407,12.247022318495407,11.247022318495407,1.1368683772161603e-13
hierarchy_conflict,20,y,11.247022318495407,12.247022318495407,11.247022318495407,1.1368683772161603e-13
motion_growth,0,x,0.0,1.0,1.0,5.514959212860049e-05
motion_growth,1,x,0.0,1.0,1.0,4.995082181835642e-05
motion_growth,2,x,0.0,1.0,1.0,5.0834098090035695e-05
motion_growth,3,x,0.0,1.0,1.0,4.899089771015497e-05
motion_growth,4,x,0.0,1.0,1.0,5.123626512215651e-05
motion_growth,5,x,0.0,1.0,1.0,4.661821202489591e-05
motion_growth,6,x,0.0,1.0,1.0,4.788351688489456e-05
motion_growth,7,x,0.0,1.0,1.0,4.3221075415544874e-05
motion_growth,8,x,0.0,1.0,1.0,4.5268420677757604e-05
motion_growth,9,x,0.0,1.0,1.0,4.303532784888375e-05
motion_growth,10,x,0.0,1.0,1.0,4.243655219227094e-05
motion_growth,11,x,0.0,1.0,1.0,4.045864322677062e-05
motion_growth,12,x,0.0,1.0,1.0,4.1677925381122805e-05
motion_growth,13,x,0.0,1.0,1.0,3.898213128650241e-05
motion_growth,14,x,0.0,1.0,1.0,3.627626463753586e-05
motion_growth,15,x,0.0,1.0,1.0,3.9698842044799676e-05
motion_growth,16,x,0.0,1.0,1.0,3.457970964859669e-05
motion_growth,17,x,0.0,1.0,1.0,3.838568289893374e-05
motion_growth,18,x,0.0,1.0,1.0,3.797901625546274e-05
motion_growth,19,x,0.0,1.0,1.0,3.7544331334515846e-05
motion_growth,20,x,0.0,1.0,1.0,3.498616327135551e-05
motion_growth,0,y,0.0,1.0,1.0,0.00010657505896460862
motion_growth,1,y,0.0,1.0,1.0,8.859618395717916e-05
motion_growth,2,y,0.0,1.0,1.0,9.16152883974064e-05
motion_growth,3,y,0.0,1.0,1.0,9.138663608609932e-05
motion_growth,4,y,0.0,1.0,1.0,9.506260659009058e-05
motion_growth,5,y,0.0,1.0,1.0,8.78498197494082e-05
motion_growth,6,y,0.0,1.0,1.0,8.74283779239704e-05
motion_growth,7,y,0.0,1.0,1.0,8.273720999341094e-05
motion_growth,8,y,0.0,1.0,1.0,8.956524652603548e-05
motion_growth,9,y,0.0,1.0,1.0,8.188648678242316e-05
motion_growth,10,y,0.0,1.0,1.0,7.564494734424443e-05
motion_growth,11,y,0.0,1.0,1.0,7.702024061018165e-05
motion_growth,12,y,0.0,1.0,1.0,8.45320775511027e-05
motion_growth,13,y,0.0,1.0,1.0,7.463366256388326e-05
motion_growth,14,y,0.0,1.0,1.0,7.727573915872199e-05
motion_growth,15,y,0.0,1.0,1.0,8.472504686096727e-05
motion_growth,16,y,0.0,1.0,1.0,7.923226786488158e-05
motion_growth,17,y,0.0,1.0,1.0,8.612541353159031e-05
motion_growth,18,y,0.0,1.0,1.0,8.350049108685198e-05
motion_growth,19,y,0.0,1.0,1.0,8.698244846527814e-05
motion_growth,20,y,0.0,1.0,1.0,8.428616547462298e-05
translation,0,x,0.0,1.0,1.0,3.0352772085961988e-05
translation,1,x,0.0,1.0,1.0,2.8230429421682857e-05
translation,2,x,0.0,1.0,1.0,3.297889044517888e-05
translation,3,x,0.0,1.0,1.0,2.8402061218457675e-05
translation,4,x,0.0,1.0,1.0,2.808930463515935e-05
translation,5,x,0.0,1.0,1.0,3.2805560223891916e-05
translation,6,x,0.0,1.0,1.0,2.8710800648923396e-05
translation,7,x,0.0,1.0,1.0,2.8213390322662235e-05
translation,8,x,0.0,1.0,1.0,3.243791621798664e-05
translation,9,x,0.0,1.0,1.0,2.9110058079595547e-05
translation,10,x,0.0,1.0,1.0,2.7574336002089694e-05
translation,11,x,0.0,1.0,1.0,3.13960400006863e-05
translation,12,x,0.0,1.0,1.0,2.8829010275899236e-05
translation,13,x,0.0,1.0,1.0,2.796835295271194e-05
translation,14,x,0.0,1.0,1.0,3.1051048281938165e-05
translation,15,x,0.0,1.0,1.0,3.0366772563183986e-05
translation,16,x,0.0,1.0,1.0,2.7756394516131877e-05
translation,17,x,0.0,1.0,1.0,2.9529609022915793e-05
translation,18,x,0.0,1.0,1.0,3.1077007434987536e-05
translation,19,x,0.0,1.0,1.0,2.8345334243340403e-05
translation,20,x,0.0,1.0,1.0,2.883398836672768e-05
translation,0,y,0.0,1.0,1.0,1.3786652630187746e-05
translation,1,y,0.0,1.0,1.0,1.1812089837803796e-05
translation,2,y,0.0,1.0,1.0,1.2520122822934354e-05
translation,3,y,0.0,1.0,1.0,1.2045361245327513e-05
translation,4,y,0.0,1.0,1.0,1.1464894726032071e-05
translation,5,y,0.0,1.0,1.0,1.2464140809242963e-05
translation,6,y,0.0,1.0,1.0,1.226669303378003e-05
translation,7,y,0.0,1.0,1.0,1.1454187927029125e-05
translation,8,y,0.0,1.0,1.0,1.216085337318873e-05
translation,9,y,0.0,1.0,1.0,1.1267238392065337e-05
translation,10,y,0.0,1.0,1.0,1.2635335906452383e-05
translation,11,y,0.0,1.0,1.0,1.135878318336836e-05
translation,12,y,0.0,1.0,1.0,1.1191741464244842e-05
translation,13,y,0.0,1.0,1.0,1.3725782480378257e-05
translation,14,y,0.0,1.0,1.0,1.168115926475366e-05
translation,15,y,0.0,1.0,1.0,1.1135619843116729e-05
translation,16,y,0.0,1.0,1.0,1.3017858577768493e-05
translation,17,y,0.0,1.0,1.0,1.1461920735200692e-05
translation,18,y,0.0,1.0,1.0,1.0984949767589569e-05
translation,19,y,0.0,1.0,1.0,1.2885523801742238e-05
translation,20,y,0.0,1.0,1.0,1.1475504891222954e-05
growth,0,x,0.0,1.0,1.0,3.0352772085961988e-05
growth,1,x,0.0,1.0,1.0,3.252746093096448e-05
growth,2,x,0.0,1.0,1.0,3.533522715315485e-05
growth,3,x,0.0,1.0,1.0,4.2329465131274446e-05
growth,4,x,0.0,1.0,1.0,4.451478923783725e-05
growth,5,x,0.0,1.0,1.0,5.427299738869351e-05
growth,6,x,0.0,1.0,1.0,5.859541438724136e-05
growth,7,x,0.0,1.0,1.0,5.6519546347999494e-05
growth,8,x,0.0,1.0,1.0,6.003232832085814e-05
growth,9,x,0.0,1.0,1.0,6.327999980726418e-05
growth,10,x,0.0,1.0,1.0,6.687244355418898e-05
growth,11,x,0.0,1.0,1.0,7.909371865366666e-05
growth,12,x,0.0,1.0,1.0,8.397621120082022e-05
growth,13,x,0.0,1.0,1.0,9.070824766865826e-05
growth,14,x,0.0,1.0,1.0,9.877254427692606e-05
growth,15,x,0.0,1.0,1.0,0.00011092284213987114
growth,16,x,0.0,1.0,1.0,0.00012268032813267382
growth,17,x,0.0,1.0,1.0,0.00012845515993831214
growth,18,x,0.0,1.0,1.0,0.00013437026515816797
growth,19,x,0.0,1.0,1.0,0.00013470836609030812
growth,20,x,0.0,1.0,1.0,0.00014056413931484713
growth,0,y,0.0,1.0,1.0,1.3786652630187746e-05
growth,1,y,0.0,1.0,1.0,1.4867079585201282e-05
growth,2,y,0.0,1.0,1.0,1.3747408729614108e-05
growth,3,y,0.0,1.0,1.0,1.1864707516906492e-05
growth,4,y,0.0,1.0,1.0,1.207271498060436e-05
growth,5,y,0.0,1.0,1.0,1.4238873063732171e-05
growth,6,y,0.0,1.0,1.0,1.4807079253387201e-05
growth,7,y,0.0,1.0,1.0,1.3511305041902233e-05
growth,8,y,0.0,1.0,1.0,1.442206269075541e-05
growth,9,y,0.0,1.0,1.0,1.6078947396636067e-05
growth,10,y,0.0,1.0,1.0,1.4360050613504427e-05
growth,11,y,0.0,1.0,1.0,1.6874582911441394e-05
growth,12,y,0.0,1.0,1.0,1.6515945389983244e-05
growth,13,y,0.0,1.0,1.0,1.4616244925491628e-05
growth,14,y,0.0,1.0,1.0,1.3923060691922728e-05
growth,15,y,0.05941735692771033,1.0594173569277103,1.0594173569277103,1.4564874504685577e-05
growth,16,y,0.17201404492234929,1.1720140449223493,1.1720140449223493,1.602138092948735e-05
growth,17,y,0.1285426525783251,1.128542652578325,1.128542652578325,1.6209447721848846e-05
growth,18,y,0.0428135741187603,1.0428135741187603,1.0428135741187674,1.625264474114374e-05
growth,19,y,0.012452407450794567,1.0124524074507946,1.0124524074507946,1.6004916687961668e-05
growth,20,y,0.0034913331488226618,1.0034913331488227,1.0034913331488227,1.6509152146682027e-05
translation_growth,0,x,0.0,1.0,1.0,3.0352772085961988e-05
translation_growth,1,x,0.0,1.0,1.0,3.195368404362853e-05
translation_growth,2,x,0.0,1.0,1.0,4.0490127062753345e-05
translation_growth,3,x,0.0,1.0,1.0,4.298974275229739e-05
translation_growth,4,x,0.0,1.0,1.0,4.462610414179835e-05
translation_growth,5,x,0.0,1.0,1.0,4.592934890013112e-05
translation_growth,6,x,0.0,1.0,1.0,5.7572687779838816e-05
translation_growth,7,x,0.0,1.0,1.0,6.232719736942727e-05
translation_growth,8,x,0.0,1.0,1.0,6.2375631941336e-05
translation_growth,9,x,0.0,1.0,1.0,6.284729681738099e-05
translation_growth,10,x,0.0,1.0,1.0,7.342742823368553e-05
translation_growth,11,x,0.0,1.0,1.0,8.513942501053862e-05
translation_growth,12,x,0.0,1.0,1.0,8.735829911188375e-05
translation_growth,13,x,0.0,1.0,1.0,8.454327247875426e-05
translation_growth,14,x,0.0,1.0,1.0,9.852293729295525e-05
translation_growth,15,x,0.0,1.0,1.0,0.0001070745944389273
translation_growth,16,x,0.0,1.0,1.0,0.00011859912910949788
translation_growth,17,x,0.0,1.0,1.0,0.00011644895678841749
translation_growth,18,x,0.0,1.0,1.0,0.00012532528046449443
translation_growth,19,x,0.0,1.0,1.0,0.00013512764235201757
translation_growth,20,x,0.0,1.0,1.0,0.00015417445501952898
translation_growth,0,y,0.0,1.0,1.0,1.3786652630187746e-05
translation_growth,1,y,0.0,1.0,1.0,1.433666324146543e-05
translation_growth,2,y,0.0,1.0,1.0,1.325550050523816e-05
translation_growth,3,y,0.0,1.0,1.0,1.1926755178137682e-05
translation_growth,4,y,0.0,1.0,1.0,1.321100893392213e-05
translation_growth,5,y,0.0,1.0,1.0,1.60837410021486e-05
translation_growth,6,y,0.0,1.0,1.0,1.5666744161535462e-05
translation_growth,7,y,0.0,1.0,1.0,1.3437581515063357e-05
translation_growth,8,y,0.0,1.0,1.0,1.5339466813202307e-05
translation_growth,9,y,0.0,1.0,1.0,1.5930339259284665e-05
translation_growth,10,y,0.0,1.0,1.0,1.5666644117118267e-05
translation_growth,11,y,0.0,1.0,1.0,1.313516497702949e-05
translation_growth,12,y,0.0,1.0,1.0,1.2986349702259758e-05
translation_growth,13,y,0.0,1.0,1.0,1.6017782400012948e-05
translation_growth,14,y,0.0,1.0,1.0,1.8057244119518145e-05
translation_growth,15,y,0.02810225276104461,1.0281022527610446,1.0281022527610446,1.4198090298123134e-05
translation_growth,16,y,0.11400496174080388,1.1140049617408039,1.1140049617408039,1.5523220326940645e-05
translation_growth,17,y,0.04549525915611241,1.0454952591561124,1.0454952591561124,1.4465813251263171e-05
translation_growth,18,y,0.039786794039429196,1.0397867940394292,1.0397867940394292,1.593772242358682e-05
translation_growth,19,y,0.005040818117976187,1.0050408181179762,1.0050408181179762,1.5781928482283547e-05
translation_growth,20,y,0.23009928447945072,1.2300992844794507,1.2300992844794507,1.8551237531028164e-05
local_growth,0,x,0.0,1.0,1.0,3.0352772085961988e-05
local_growth,1,x,0.0,1.0,1.0,2.7245875827475174e-05
local_growth,2,x,0.0,1.0,1.0,2.402293173986436e-05
local_growth,3,x,0.0,1.0,1.0,2.480564248230621e-05
local_growth,4,x,0.0,1.0,1.0,2.559425244896829e-05
local_growth,5,x,0.0,1.0,1.0,2.616792579601679e-05
local_growth,6,x,0.0,1.0,1.0,2.7020271517130823e-05
local_growth,7,x,0.0,1.0,1.0,2.602562213382953e-05
local_growth,8,x,0.0,1.0,1.0,2.5256617163904593e-05
local_growth,9,x,0.0,1.0,1.0,2.4463618444769963e-05
local_growth,10,x,0.0,1.0,1.0,2.415386542509168e-05
local_growth,11,x,0.0,1.0,1.0,2.2820849039817404e-05
local_growth,12,x,0.0,1.0,1.0,2.192926754673863e-05
local_growth,13,x,0.0,1.0,1.0,2.1048617043106788e-05
local_growth,14,x,0.0,1.0,1.0,2.0465368919531102e-05
local_growth,15,x,0.0,1.0,1.0,2.0688932195866983e-05
local_growth,16,x,0.0,1.0,1.0,1.994142805017418e-05
local_growth,17,x,0.0,1.0,1.0,2.000549069691715e-05
local_growth,18,x,0.0,1.0,1.0,2.0964062656503302e-05
local_growth,19,x,0.0,1.0,1.0,2.1708430708144988e-05
local_growth,20,x,0.0,1.0,1.0,2.2152103198891382e-05
local_growth,0,y,0.0,1.0,1.0,1.3786652630187746e-05
local_growth,1,y,0.0,1.0,1.0,1.2214144135214156e-05
local_growth,2,y,0.0,1.0,1.0,1.0586339385554311e-05
local_growth,3,y,0.0,1.0,1.0,8.591747473474243e-06
local_growth,4,y,0.0,1.0,1.0,9.40750379641031e-06
local_growth,5,y,0.0,1.0,1.0,7.726991668732808e-06
local_growth,6,y,0.0,1.0,1.0,6.743272535914002e-06
local_growth,7,y,0.0,1.0,1.0,7.518212214563391e-06
local_growth,8,y,0.0,1.0,1.0,7.465876876722177e-06
local_growth,9,y,0.0,1.0,1.0,7.844888784802606e-06
local_growth,10,y,0.0,1.0,1.0,6.831196401435591e-06
local_growth,11,y,0.0,1.0,1.0,5.975334318009118e-06
local_growth,12,y,0.0,1.0,1.0,7.033209271867236e-06
local_growth,13,y,0.0,1.0,1.0,6.429511074657057e-06
local_growth,14,y,0.0,1.0,1.0,5.406249044881406e-06
local_growth,15,y,0.0,1.0,1.0,4.946630838276178e-06
local_growth,16,y,0.0,1.0,1.0,5.185131044527225e-06
local_growth,17,y,0.0,1.0,1.0,4.750060554670199e-06
local_growth,18,y,0.0,1.0,1.0,3.912347096957092e-06
local_growth,19,y,0.0,1.0,1.0,2.9622559054587327e-06
local_growth,20,y,0.0,1.0,1.0,3.0459505069302395e-06
hierarchy_change,0,x,13.264152613578403,14.264152613578403,14.264152613578403,1.0762294550659135e-05
hierarchy_change,1,x,13.21019915979248,14.21019915979248,14.21019915979248,5.848514410899952e-05
hierarchy_change,2,x,0.0,1.0,1.0,0.0
hierarchy_change,3,x,0.0,1.0,1.0,0.0
hierarchy_change,4,x,0.0,1.0,1.0,0.0
hierarchy_change,5,x,0.0,1.0,1.0,0.0
hierarchy_change,6,x,0.0,1.0,1.0,0.0
hierarchy_change,7,x,0.0,1.0,1.0,0.0
hierarchy_change,8,x,0.0,1.0,1.0,0.0
hierarchy_change,9,x,0.0,1.0,1.0,0.0
hierarchy_change,10,x,0.0,1.0,1.0,0.0
hierarchy_change,11,x,0.0,1.0,1.0,0.0
hierarchy_change,12,x,0.0,1.0,1.0,0.0
hierarchy_change,13,x,0.0,1.0,1.0,0.0
hierarchy_change,14,x,0.0,1.0,1.0,0.0
hierarchy_change,15,x,0.0,1.0,1.0,4.463879577087937e-08
hierarchy_change,16,x,0.0,1.0,1.0,3.2265928098240693e-06
hierarchy_change,17,x,0.0,1.0,1.0,3.7757862116905017e-06
hierarchy_change,18,x,0.0,1.0,1.0,4.6153349444466585e-06
hierarchy_change,19,x,0.0,1.0,1.0,5.658887005211e-06
hierarchy_change,20,x,0.0,1.0,1.0,1.7402245873654465e-05
hierarchy_change,0,y,7.31330072815615,8.31330072815615,8.31330072815615,0.0
hierarchy_change,1,y,7.241579804239894,8.241579804239894,8.241579804239894,0.0
hierarchy_change,2,y,26.106444783892528,27.106444783892528,26.443418931214204,8.583641374571016e-06
hierarchy_change,3,y,24.401108856550344,25.401108856550344,24.442592539596433,0.00010157469364457938
hierarchy_change,4,y,22.92237123456274,23.92237123456274,23.023729110893356,0.00011825233764284349
hierarchy_change,5,y,21.371667760019086,22.371667760019086,21.505500752252132,0.0
hierarchy_change,6,y,19.730515119154674,20.730515119154674,19.88390274553548,0.0
hierarchy_change,7,y,18.306820765614965,19.306820765614965,18.50600552148842,0.0
hierarchy_change,8,y,8.432962488914097,9.432962488914097,9.432962488914097,0.0
hierarchy_change,9,y,8.752903200979876,9.752903200979876,9.752903200979876,1.5916157281026244e-12
hierarchy_change,10,y,8.800454604675398,9.800454604675398,9.800454604675398,3.410605131648481e-13
hierarchy_change,11,y,9.004296874999998,10.004296874999998,10.004296874999998,0.0
hierarchy_change,12,y,9.260340493235745,10.260340493235745,10.260340493235745,1.0553734455243102e-05
hierarchy_change,13,y,8.912569103194102,9.912569103194102,9.013688365071474,2.165196178793849e-06
hierarchy_change,14,y,7.668438992834389,8.668438992834389,8.668438992834389,1.0383716244177776e-05
hierarchy_change,15,y,6.013266225961544,7.013266225961544,7.013266225961544,4.9352159976479015e-06
hierarchy_change,16,y,4.729707458941604,5.729707458941604,5.729707458941604,4.901417241853778e-06
hierarchy_change,17,y,3.410020165839356,4.410020165839356,4.410020165839356,6.099791107772035e-07
hierarchy_change,18,y,1.941942630597012,2.941942630597012,2.941942630597012,1.648065676818078e-06
hierarchy_change,19,y,0.5149807115699403,1.5149807115699403,1.5149807115699403,3.993750738118251e-06
hierarchy_change,20,y,0.0,1.0,1.0,1.2877520816800825e-05
crowding,0,x,0.0,1.0,1.0,0.0
crowding,1,x,0.0,1.0,1.0,0.0
crowding,2,x,0.0,1.0,1.0,0.0
crowding,3,x,0.0,1.0,1.0,0.0
crowding,4,x,0.0,1.0,1.0,0.0
crowding,5,x,0.0,1.0,1.0,0.0
crowding,6,x,0.0,1.0,1.0,0.0
crowding,7,x,0.0,1.0,1.0,0.0013768343844731135
crowding,8,x,0.0,1.0,1.0,0.001423103662318681
crowding,9,x,0.0,1.0,1.0,0.0
crowding,10,x,0.0,1.0,1.0,1.0422618970551412e-05
crowding,11,x,0.0,1.0,1.0,0.0
crowding,12,x,0.0,1.0,1.0,7.931211257528048e-06
crowding,13,x,0.0,1.0,1.0,3.0469493594864616e-06
crowding,14,x,0.0,1.0,1.0,9.14008137442579e-06
crowding,15,x,0.0,1.0,1.0,9.459802186029265e-07
crowding,16,x,0.0,1.0,1.0,0.0
crowding,17,x,0.07863225934853801,1.078632259348538,1.078632259348538,0.0
crowding,18,x,0.19870272717058413,1.1987027271705841,1.1987027271705841,0.0
crowding,19,x,0.4056640624999943,1.4056640624999943,1.4056640624999943,1.1467508102214197e-05
crowding,20,x,0.6842548585924959,1.684254858592496,1.684254858592496,0.0
crowding,0,y,0.0,1.0,0.7308228552934537,0.00033711891020082874
crowding,1,y,0.0,1.0,0.7228119902586201,0.00028951469757876325
crowding,2,y,0.0,1.0,0.6931852769784612,0.00019453472404018513
crowding,3,y,0.0,1.0,0.6591505339564883,0.0002281140875939336
crowding,4,y,0.0,1.0,0.6351299075677446,0.00017079402442421454
crowding,5,y,0.0,1.0,0.6257637187906973,0.0002238097397637695
crowding,6,y,0.0,1.0,0.5922868296146468,0.00022757512126325707
crowding,7,y,0.0,1.0,0.569456942491513,0.00021352857515433143
crowding,8,y,0.0,1.0,0.553981339830333,0.000141371760437492
crowding,9,y,0.0,1.0,0.524935709019946,9.789906114288094e-05
crowding,10,y,0.0,1.0,0.49760895317220033,3.819135860250178e-05
crowding,11,y,0.0,1.0,0.4626772287790004,2.0906098420647723e-05
crowding,12,y,0.0,1.0,0.46600441797103187,2.2175411287683744e-05
crowding,13,y,0.0,1.0,0.4370674782466146,1.225616239963756e-05
crowding,14,y,0.0,1.0,0.4116125549579088,2.907140240282491e-05
crowding,15,y,0.0,1.0,0.41593125190048497,2.196683227584373e-05
crowding,16,y,0.0,1.0,0.38678879803432764,1.983192761823016e-05
crowding,17,y,0.0,1.0,0.3576116871513655,9.473640004475925e-06
crowding,18,y,0.0,1.0,0.35074085754247974,5.608927597378077e-06
crowding,19,y,0.0,1.0,0.33076499487895816,1.4210175149909077e-06
crowding,20,y,0.0,1.0,0.3066387498791485,1.0242113909653128e-05
advection_diffusion,0,x,13.02705776091166,14.02705776091166,14.02705776091166,1.016224121030973e-05
advection_diffusion,1,x,13.007901340971785,14.007901340971785,14.007901340971785,4.910855477646692e-05
advection_diffusion,2,x,12.913792443471522,13.913792443471522,13.913792443471522,0.00018455750807788718
advection_diffusion,3,x,13.131654998647193,14.131654998647193,14.131654998647193,0.00014442049928220513
advection_diffusion,4,x,13.153983784997664,14.153983784997664,14.153983784997664,8.628669445442938e-05
advection_diffusion,5,x,13.085950008324716,14.085950008324716,14.085950008324716,5.029797648603562e-06
advection_diffusion,6,x,12.896310924524357,13.896310924524357,13.896310924524357,0.0
advection_diffusion,7,x,13.036430622021115,14.036430622021115,14.036430622021115,4.028754347018548e-06
advection_diffusion,8,x,12.968159958011952,13.968159958011952,13.968159958011952,1.4904200043019955e-06
advection_diffusion,9,x,13.04230270632901,14.04230270632901,14.04230270632901,0.00024866718183602643
advection_diffusion,10,x,12.947178928280493,13.947178928280493,13.947178928280493,2.847169071173994e-06
advection_diffusion,11,x,12.946922759160486,13.946922759160486,13.946922759160486,7.479925329789694e-06
advection_diffusion,12,x,12.891648262918991,13.891648262918991,13.891648262918991,0.0001183253904173398
advection_diffusion,13,x,12.900103595214844,13.900103595214844,13.900103595214844,0.00010313106588455412
advection_diffusion,14,x,12.817682357235483,13.817682357235483,13.817682357235483,6.328201970973168e-05
advection_diffusion,15,x,12.762237662165006,13.762237662165006,13.762237662165006,3.72790584606264e-05
advection_diffusion,16,x,12.686184853235176,13.686184853235176,13.686184853235176,1.1207306556570984e-05
advection_diffusion,17,x,12.608586267672536,13.608586267672536,13.608586267672536,9.81562220658816e-06
advection_diffusion,18,x,12.541912127993484,13.541912127993484,13.541912127993484,6.160593522963609e-05
advection_diffusion,19,x,12.440832817305349,13.440832817305349,13.440832817305349,5.9678961861209245e-06
advection_diffusion,20,x,12.407642704439468,13.407642704439468,13.407642704439468,9.312780548498267e-06
advection_diffusion,0,y,7.114670114930462,8.114670114930462,8.114670114930462,0.0
advection_diffusion,1,y,7.158682208166329,8.15868220816633,8.15868220816633,0.0
advection_diffusion,2,y,7.135745796932753,8.135745796932753,8.135745796932753,1.1368683772161603e-13
advection_diffusion,3,y,7.06058183627367,8.06058183627367,8.06058183627367,0.0
advection_diffusion,4,y,7.022042661798967,8.022042661798967,8.022042661798967,0.0
advection_diffusion,5,y,7.132817650228201,8.132817650228201,8.132817650228205,0.0
advection_diffusion,6,y,6.977129669372204,7.977129669372204,7.977129669372204,1.1368683772161603e-13
advection_diffusion,7,y,7.0047754323628055,8.004775432362806,8.004775432362806,0.0
advection_diffusion,8,y,7.026418739710987,8.026418739710987,8.02641873971099,0.0
advection_diffusion,9,y,7.083666219750107,8.083666219750107,8.083666219750107,1.1368683772161603e-13
advection_diffusion,10,y,7.191985899773641,8.191985899773641,8.191985899773641,0.0
advection_diffusion,11,y,7.104502070783131,8.10450207078313,8.10450207078313,0.0
advection_diffusion,12,y,7.164199884143287,8.164199884143287,8.164199884143287,0.0
advection_diffusion,13,y,7.189554543980378,8.189554543980378,8.189554543980378,1.1368683772161603e-13
advection_diffusion,14,y,7.143393245574558,8.143393245574558,8.143393245574558,0.0
advection_diffusion,15,y,7.1415320686584,8.1415320686584,8.141532068658407,5.660723070377571e-05
advection_diffusion,16,y,7.148418898809524,8.148418898809524,8.148418898809524,5.513365999831876e-05
advection_diffusion,17,y,7.081965687662688,8.081965687662688,8.081965687662688,3.4161994108217186e-05
advection_diffusion,18,y,6.9785184322224225,7.9785184322224225,7.97851843222243,4.765449068599992e-05
advection_diffusion,19,y,6.9697484076348,7.9697484076348,7.9697484076348,4.949540391407936e-05
advection_diffusion,20,y,6.976889211182364,7.976889211182364,7.9768892111823675,1.6486335766785487e-05
hierarchy_change_seed1,0,x,0.0,1.0,1.0,2.431909251754405e-08
hierarchy_change_seed1,1,x,0.0,1.0,1.0,0.0
hierarchy_change_seed1,2,x,0.0,1.0,1.0,0.0
hierarchy_change_seed1,3,x,0.0,1.0,1.0,0.0
hierarchy_change_seed1,4,x,0.0,1.0,1.0,0.0
hierarchy_change_seed1,5,x,0.0,1.0,1.0,0.0
hierarchy_change_seed1,6,x,0.0,1.0,1.0,0.0
hierarchy_change_seed1,7,x,0.0,1.0,1.0,0.0
hierarchy_change_seed1,8,x,0.0,1.0,1.0,0.0
hierarchy_change_seed1,9,x,0.0,1.0,1.0,0.0
hierarchy_change_seed1,10,x,0.0,1.0,1.0,0.0
hierarchy_change_seed1,11,x,0.0,1.0,1.0,0.0
hierarchy_change_seed1,12,x,0.0,1.0,1.0,0.0
hierarchy_change_seed1,13,x,0.0,1.0,1.0,0.0
hierarchy_change_seed1,14,x,0.0,1.0,1.0,4.189229173334752e-06
hierarchy_change_seed1,15,x,0.0,1.0,1.0,2.046400027211348e-08
hierarchy_change_seed1,16,x,0.0,1.0,1.0,2.9692945702208817e-06
hierarchy_change_seed1,17,x,0.0,1.0,1.0,6.594213573407615e-06
hierarchy_change_seed1,18,x,0.0,1.0,1.0,4.572492514398618e-06
hierarchy_change_seed1,19,x,0.0,1.0,1.0,2.2057213271864384e-05
hierarchy_change_seed1,20,x,0.0,1.0,1.0,2.0525081680489166e-05
hierarchy_change_seed1,0,y,29.81493651157464,30.81493651157464,30.052624706075825,1.259067084902199e-05
hierarchy_change_seed1,1,y,28.358881419573642,29.358881419573642,28.54422428210782,6.810940385548747e-05
hierarchy_change_seed1,2,y,26.56075521971566,27.56075521971566,26.67991683392937,3.4651748137548566e-10
hierarchy_change_seed1,3,y,24.918302192616927,25.918302192616927,25.025697771085795,0.0
hierarchy_change_seed1,4,y,23.492102581521742,24.492102581521742,23.535895758222324,3.5822242807626026e-05
hierarchy_change_seed1,5,y,21.86024627601339,22.86024627601339,21.90114884406413,0.0
hierarchy_change_seed1,6,y,20.415215676538622,21.415215676538622,20.445157875762682,0.0
hierarchy_change_seed1,7,y,18.823454608713654,19.823454608713654,18.89423238427237,0.0
hierarchy_change_seed1,8,y,17.347214226973684,18.347214226973684,17.45345787245411,0.0
hierarchy_change_seed1,9,y,15.85650486879971,16.85650486879971,16.00012713321638,0.0
hierarchy_change_seed1,10,y,14.26100671242078,15.26100671242078,14.406568439225545,1.1368683772161603e-13
hierarchy_change_seed1,11,y,12.807123920319974,13.807123920319974,13.014394131115097,2.7302345415591844e-06
hierarchy_change_seed1,12,y,8.806702949270871,9.806702949270871,9.806702949270871,2.608239810797386e-07
hierarchy_change_seed1,13,y,9.138414884868418,10.138414884868418,9.964424058942328,3.347808171838551e-05
hierarchy_change_seed1,14,y,8.43537866661704,9.43537866661704,9.132306684726984,4.179282541372231e-05
hierarchy_change_seed1,15,y,6.856981885302197,7.856981885302197,7.856981885302197,7.907633062131936e-06
hierarchy_change_seed1,16,y,5.451040377475252,6.451040377475252,6.451040377475252,6.4911038180071046e-06
hierarchy_change_seed1,17,y,4.164341649972691,5.164341649972691,5.164341649972698,0.0
hierarchy_change_seed1,18,y,2.7353815447541905,3.7353815447541905,3.7353815447541905,0.0
hierarchy_change_seed1,19,y,1.1411931818181884,2.1411931818181884,2.1411931818181955,2.0168033643130912e-07
hierarchy_change_seed1,20,y,0.0,1.0,1.0,4.508673100644955e-06
hierarchy_change_seed2,0,x,12.36890431680618,13.36890431680618,13.36890431680618,1.8077344066114165e-07
hierarchy_change_seed2,1,x,12.213018132739592,13.213018132739592,13.213018132739592,0.00011310946422327106
hierarchy_change_seed2,2,x,0.0,1.0,1.0,7.077329996718618e-06
hierarchy_change_seed2,3,x,0.0,1.0,1.0,0.0
hierarchy_change_seed2,4,x,0.0,1.0,1.0,0.0
hierarchy_change_seed2,5,x,0.0,1.0,1.0,0.0
hierarchy_change_seed2,6,x,0.0,1.0,1.0,0.0
hierarchy_change_seed2,7,x,0.0,1.0,1.0,0.0
hierarchy_change_seed2,8,x,0.0,1.0,1.0,0.0
hierarchy_change_seed2,9,x,0.0,1.0,1.0,0.0
hierarchy_change_seed2,10,x,0.0,1.0,1.0,0.0
hierarchy_change_seed2,11,x,0.0,1.0,1.0,0.0
hierarchy_change_seed2,12,x,0.0,1.0,1.0,0.0
hierarchy_change_seed2,13,x,0.0,1.0,1.0,0.0
hierarchy_change_seed2,14,x,0.0,1.0,1.0,0.0
hierarchy_change_seed2,15,x,0.0,1.0,1.0,0.0
hierarchy_change_seed2,16,x,0.0,1.0,1.0,2.842170943040401e-14
hierarchy_change_seed2,17,x,0.0,1.0,1.0,2.6800447585628717e-06
hierarchy_change_seed2,18,x,0.0,1.0,1.0,3.843292262217801e-06
hierarchy_change_seed2,19,x,0.0,1.0,1.0,5.86762834586807e-06
hierarchy_change_seed2,20,x,0.0,1.0,1.0,1.6367678313145007e-05
hierarchy_change_seed2,0,y,7.483812013705677,8.483812013705677,8.483812013705677,0.0
hierarchy_change_seed2,1,y,7.757365848612086,8.757365848612086,8.757365848612086,1.1368683772161603e-13
hierarchy_change_seed2,2,y,25.122390278594217,26.122390278594217,25.395824007371836,0.00013398616238191607
hierarchy_change_seed2,3,y,23.673043932764728,24.673043932764728,23.788732675318478,2.2737367544323206e-13
hierarchy_change_seed2,4,y,22.146905723314603,23.146905723314603,22.31663684909494,3.58978695658152e-07
hierarchy_change_seed2,5,y,20.535356208337326,21.535356208337326,20.762401200896434,0.0
hierarchy_change_seed2,6,y,19.023154633620692,20.023154633620692,19.308332039687556,2.2737367544323206e-13
hierarchy_change_seed2,7,y,17.380982892786555,18.380982892786555,17.693546926779057,0.0
hierarchy_change_seed2,8,y,8.82450761554622,9.82450761554622,9.82450761554622,2.291631062689703e-08
hierarchy_change_seed2,9,y,9.00043279097839,10.00043279097839,10.00043279097839,6.821210263296962e-13
hierarchy_change_seed2,10,y,9.125846116529605,10.125846116529605,10.125846116529605,4.547473508864641e-13
hierarchy_change_seed2,11,y,9.362635522959188,10.362635522959188,10.362635522959188,0.0
hierarchy_change_seed2,12,y,9.522153541717454,10.522153541717454,9.869545157598623,6.327788992166461e-05
hierarchy_change_seed2,13,y,8.264693847133898,9.264693847133898,9.1393236405236,1.2422996178429457e-05
hierarchy_change_seed2,14,y,6.783982125957706,7.783982125957706,7.783982125957706,6.810508762100653e-05
hierarchy_change_seed2,15,y,5.36899265631169,6.36899265631169,6.36899265631169,5.998874030410661e-06
hierarchy_change_seed2,16,y,3.9687375992063494,4.968737599206349,4.968737599206349,2.1599237243208336e-07
hierarchy_change_seed2,17,y,2.5026658477628985,3.5026658477628985,3.5026658477628985,1.7239135559066199e-06
hierarchy_change_seed2,18,y,1.212127614299611,2.212127614299611,2.212127614299611,1.7552995359437773e-06
hierarchy_change_seed2,19,y,0.0,1.0,1.0,3.1220132541420753e-06
hierarchy_change_seed2,20,y,0.0,1.0,1.0,3.279587303950393e-06
hierarchy_change_seed3,0,x,13.643518833425247,14.643518833425247,14.643518833425247,3.17926790103229e-05
hierarchy_change_seed3,1,x,0.0,1.0,1.0,0.0006354959067493837
hierarchy_change_seed3,2,x,0.0,1.0,1.0,0.0
hierarchy_change_seed3,3,x,0.0,1.0,1.0,0.0
hierarchy_change_seed3,4,x,0.0,1.0,1.0,0.0
hierarchy_change_seed3,5,x,0.0,1.0,1.0,0.0
hierarchy_change_seed3,6,x,0.0,1.0,1.0,0.0
hierarchy_change_seed3,7,x,0.0,1.0,1.0,0.0
hierarchy_change_seed3,8,x,0.0,1.0,1.0,0.0
hierarchy_change_seed3,9,x,0.0,1.0,1.0,0.0
hierarchy_change_seed3,10,x,0.0,1.0,1.0,0.0
hierarchy_change_seed3,11,x,0.0,1.0,1.0,0.0
hierarchy_change_seed3,12,x,0.0,1.0,1.0,2.842170943040401e-14
hierarchy_change_seed3,13,x,0.0,1.0,1.0,3.294244692142456e-06
hierarchy_change_seed3,14,x,0.0,1.0,1.0,3.073545485676732e-06
hierarchy_change_seed3,15,x,0.0,1.0,1.0,3.2816609518704354e-06
hierarchy_change_seed3,16,x,0.0,1.0,1.0,3.5809042913115263e-06
hierarchy_change_seed3,17,x,0.0,1.0,1.0,3.672464913506701e-06
hierarchy_change_seed3,18,x,0.0,1.0,1.0,4.2982214836229105e-06
hierarchy_change_seed3,19,x,0.0,1.0,1.0,5.32615806037029e-06
hierarchy_change_seed3,20,x,0.0,1.0,1.0,1.9172324982719147e-05
hierarchy_change_seed3,0,y,7.702743270922053,8.702743270922053,8.702743270922056,0.0
hierarchy_change_seed3,1,y,27.564161607616768,28.564161607616768,27.99629915078821,4.390053618408274e-07
hierarchy_change_seed3,2,y,26.170956189496387,27.170956189496387,26.192425701743964,6.313427547866013e-06
hierarchy_change_seed3,3,y,24.577302631578952,25.577302631578952,24.60454125207947,4.5487241322916816e-05
hierarchy_change_seed3,4,y,23.028277202628367,24.028277202628367,23.10564442699272,6.389461532307905e-06
hierarchy_change_seed3,5,y,21.43973055476215,22.43973055476215,21.546974785163663,3.398949957045261e-07
hierarchy_change_seed3,6,y,19.82435787583419,20.82435787583419,19.995418862039372,0.0
hierarchy_change_seed3,7,y,18.41859149106248,19.41859149106248,18.62827083609141,2.2737367544323206e-13
hierarchy_change_seed3,8,y,8.90515571106447,9.90515571106447,9.90515571106447,0.0
hierarchy_change_seed3,9,y,9.10833333333333,10.10833333333333,10.10833333333333,4.547473508864641e-13
hierarchy_change_seed3,10,y,9.205509534124946,10.205509534124946,10.205509534124946,2.2737367544323206e-13
hierarchy_change_seed3,11,y,9.400004286194822,10.400004286194822,10.400004286194822,2.2737367544323206e-13
hierarchy_change_seed3,12,y,9.552555077579566,10.552555077579566,10.552555077579566,2.503473979231785e-06
hierarchy_change_seed3,13,y,9.257592385912702,10.257592385912702,9.327272657849697,4.1138655319628015e-05
hierarchy_change_seed3,14,y,7.712184902900276,8.712184902900276,8.662872209676358,2.1429364437608456e-05
hierarchy_change_seed3,15,y,6.255934106929331,7.255934106929331,7.255934106929331,7.582191074106959e-06
hierarchy_change_seed3,16,y,4.773203124999995,5.773203124999995,5.773203124999995,5.843043140885129e-06
hierarchy_change_seed3,17,y,3.4706419940605926,4.470641994060593,4.4706419940606,8.28903580440965e-07
hierarchy_change_seed3,18,y,2.1135388801070008,3.1135388801070008,3.1135388801070008,2.237250896541809e-06
hierarchy_change_seed3,19,y,0.7990489130434781,1.7990489130434781,1.7990489130434781,2.889722850341059e-06
hierarchy_change_seed3,20,y,0.0,1.0,1.0,1.3185646139390883e-05
crowding_seed1,0,x,0.0,1.0,1.0,0.0
crowding_seed1,1,x,0.0,1.0,1.0,0.0
crowding_seed1,2,x,0.0,1.0,1.0,0.0
crowding_seed1,3,x,0.0,1.0,1.0,0.0014244595133732219
crowding_seed1,4,x,0.0,1.0,1.0,0.0013531816393879126
crowding_seed1,5,x,0.0,1.0,1.0,0.0
crowding_seed1,6,x,0.0,1.0,1.0,0.0
crowding_seed1,7,x,0.0,1.0,1.0,0.0
crowding_seed1,8,x,0.0,1.0,1.0,0.0
crowding_seed1,9,x,0.0,1.0,1.0,0.0
crowding_seed1,10,x,0.0,1.0,1.0,5.8590438129613176e-05
crowding_seed1,11,x,0.0,1.0,1.0,0.0
crowding_seed1,12,x,0.0,1.0,1.0,0.0
crowding_seed1,13,x,0.0,1.0,1.0,1.32612058223458e-06
crowding_seed1,14,x,0.0,1.0,1.0,3.6766216453543166e-06
crowding_seed1,15,x,0.0,1.0,1.0,3.394310624571517e-06
crowding_seed1,16,x,0.0,1.0,1.0,1.4227564179236651e-05
crowding_seed1,17,x,0.0,1.0,1.0,0.0
crowding_seed1,18,x,0.0,1.0,1.0,0.0
crowding_seed1,19,x,0.06082165996929234,1.0608216599692923,1.0608216599692923,0.0
crowding_seed1,20,x,0.26540577168368884,1.2654057716836888,1.2654057716836888,2.2737367544323206e-13
crowding_seed1,0,y,0.0,1.0,0.6693935224221406,0.0003367795277364749
crowding_seed1,1,y,0.0,1.0,0.6577262803647628,0.0002466249992760794
crowding_seed1,2,y,0.0,1.0,0.6345809151413846,0.00024991308563926395
crowding_seed1,3,y,0.0,1.0,0.6226302009232043,0.00018937736781055037
crowding_seed1,4,y,0.0,1.0,0.5927195971488999,0.00014325587481867075
crowding_seed1,5,y,0.0,1.0,0.5949382312585243,0.00025587948202732136
crowding_seed1,6,y,0.0,1.0,0.5686763087983309,0.0002495616975812798
crowding_seed1,7,y,0.0,1.0,0.5355202844642832,0.00020828289783980658
crowding_seed1,8,y,0.0,1.0,0.5253010038772423,0.00011452995938876498
crowding_seed1,9,y,0.0,1.0,0.504245789913611,2.7463389108417502e-05
crowding_seed1,10,y,0.0,1.0,0.4740636337731985,2.46421605556435e-05
crowding_seed1,11,y,0.0,1.0,0.4505616298670354,2.627573764546476e-05
crowding_seed1,12,y,0.0,1.0,0.43158750226830733,2.239754945732031e-06
crowding_seed1,13,y,0.0,1.0,0.4142578186961572,4.3008657426568675e-06
crowding_seed1,14,y,0.0,1.0,0.3839188109292486,1.18509270755629e-05
crowding_seed1,15,y,0.0,1.0,0.3694741996484652,9.793513361611161e-06
crowding_seed1,16,y,0.0,1.0,0.35952859193917774,5.208501989317771e-05
crowding_seed1,17,y,0.0,1.0,0.3456709629926422,2.9670123837144402e-05
crowding_seed1,18,y,0.0,1.0,0.332391098384452,3.763011463775445e-05
crowding_seed1,19,y,0.0,1.0,0.3135006562681255,5.666738912546432e-05
crowding_seed1,20,y,0.0,1.0,0.29805562872564906,4.78142692412753e-05
crowding_seed2,0,x,0.0,1.0,1.0,0.0
crowding_seed2,1,x,0.0,1.0,1.0,0.0
crowding_seed2,2,x,0.0,1.0,1.0,0.0
crowding_seed2,3,x,0.0,1.0,1.0,0.0
crowding_seed2,4,x,0.0,1.0,1.0,0.0
crowding_seed2,5,x,0.0,1.0,1.0,0.0
crowding_seed2,6,x,0.0,1.0,1.0,0.0
crowding_seed2,7,x,0.0,1.0,1.0,0.0
crowding_seed2,8,x,0.0,1.0,1.0,0.0
crowding_seed2,9,x,0.0,1.0,1.0,0.0
crowding_seed2,10,x,0.0,1.0,1.0,0.0
crowding_seed2,11,x,0.0,1.0,1.0,0.0
crowding_seed2,12,x,0.0,1.0,1.0,0.0
crowding_seed2,13,x,0.0,1.0,1.0,0.0
crowding_seed2,14,x,0.0,1.0,1.0,0.0
crowding_seed2,15,x,0.0,1.0,1.0,0.0
crowding_seed2,16,x,0.0,1.0,1.0,0.0
crowding_seed2,17,x,0.0,1.0,1.0,0.0
crowding_seed2,18,x,0.0,1.0,1.0,0.0
crowding_seed2,19,x,0.0,1.0,1.0,0.0
crowding_seed2,20,x,0.0287479928359744,1.0287479928359744,1.0287479928359744,0.0
crowding_seed2,0,y,0.0,1.0,0.8438548196652214,9.573760895165151e-09
crowding_seed2,1,y,0.0,1.0,0.7892520125006044,0.00014596531690536096
crowding_seed2,2,y,0.0,1.0,0.7846260310186892,0.000191486553825726
crowding_seed2,3,y,0.0,1.0,0.7465712709102732,0.00019172687603852268
crowding_seed2,4,y,0.0,1.0,0.7112814544928057,0.00023571866322980028
crowding_seed2,5,y,0.0,1.0,0.6906576535237825,0.0002736099328792818
crowding_seed2,6,y,0.0,1.0,0.6877509185359969,0.00021300730617879182
crowding_seed2,7,y,0.0,1.0,0.6409648888339241,0.00018807691416666827
crowding_seed2,8,y,0.0,1.0,0.6160329775772801,0.0002646906466736709
crowding_seed2,9,y,0.0,1.0,0.6117009005986702,0.0003755961539084751
crowding_seed2,10,y,0.0,1.0,0.5832695085823651,0.0003595281464061628
crowding_seed2,11,y,0.0,1.0,0.5366771591944115,0.00038344036961812655
crowding_seed2,12,y,0.0,1.0,0.5184837927514749,0.0001710711970313028
crowding_seed2,13,y,0.0,1.0,0.5049730143623528,0.00018891218573546809
crowding_seed2,14,y,0.0,1.0,0.4737829304511152,0.00018773324353604792
crowding_seed2,15,y,0.0,1.0,0.45528454162588616,0.0001848331423977001
crowding_seed2,16,y,0.0,1.0,0.4381928415807508,0.0002002309742746844
crowding_seed2,17,y,0.0,1.0,0.4076418942224045,0.00023027315670121062
crowding_seed2,18,y,0.0,1.0,0.3891967690641849,0.00023623467355038397
crowding_seed2,19,y,0.0,1.0,0.3754057276500795,0.00021467500831739983
crowding_seed2,20,y,0.0,1.0,0.3586979845724443,0.000217707940900147
crowding_seed3,0,x,0.0,1.0,1.0,3.809864438153454e-06
crowding_seed3,1,x,0.0,1.0,1.0,2.404703309366596e-06
crowding_seed3,2,x,0.0,1.0,1.0,6.329312327579828e-07
crowding_seed3,3,x,0.0,1.0,1.0,0.0
crowding_seed3,4,x,0.0,1.0,1.0,0.0
crowding_seed3,5,x,0.0,1.0,1.0,0.0
crowding_seed3,6,x,0.0,1.0,1.0,2.1600499167107046e-11
crowding_seed3,7,x,0.0,1.0,1.0,4.3417867345851846e-07
crowding_seed3,8,x,0.0,1.0,1.0,1.232724571309518e-07
crowding_seed3,9,x,0.0,1.0,1.0,3.0302105642476818e-06
crowding_seed3,10,x,0.0,1.0,1.0,6.786444600948016e-06
crowding_seed3,11,x,0.0,1.0,1.0,0.0
crowding_seed3,12,x,0.0,1.0,1.0,8.785887075646315e-07
crowding_seed3,13,x,0.0,1.0,1.0,0.0
crowding_seed3,14,x,0.0,1.0,1.0,0.0
crowding_seed3,15,x,0.0,1.0,1.0,0.0
crowding_seed3,16,x,0.20019211065574893,1.200192110655749,1.200192110655749,0.0
crowding_seed3,17,x,0.467373017298911,1.467373017298911,1.467373017298911,0.0
crowding_seed3,18,x,0.46905813276397623,1.4690581327639762,1.4690581327639762,0.0
crowding_seed3,19,x,0.6903094951923094,1.6903094951923094,1.6903094951923094,0.0
crowding_seed3,20,x,0.9453385013544846,1.9453385013544846,1.9453385013544846,0.0
crowding_seed3,0,y,0.0,1.0,0.8200726121319697,1.1401883437400784e-08
crowding_seed3,1,y,0.0,1.0,0.7870596045815539,9.60622542773848e-05
crowding_seed3,2,y,0.0,1.0,0.7618472114874919,0.00012326401675677445
crowding_seed3,3,y,0.0,1.0,0.7339044365212999,0.00015946659893240067
crowding_seed3,4,y,0.0,1.0,0.7026368716123201,0.00010960282037064673
crowding_seed3,5,y,0.0,1.0,0.6913689434403949,1.0035735147795322e-05
crowding_seed3,6,y,0.0,1.0,0.6634066037809738,2.7544590744277286e-05
crowding_seed3,7,y,0.0,1.0,0.6225275637054004,3.137155334287378e-05
crowding_seed3,8,y,0.0,1.0,0.6029689114244832,3.002326595336058e-05
crowding_seed3,9,y,0.0,1.0,0.5862452504458098,3.176261341608644e-05
crowding_seed3,10,y,0.0,1.0,0.5499213279035473,1.1555204722624168e-05
crowding_seed3,11,y,0.0,1.0,0.5339348648919895,3.59608610285278e-05
crowding_seed3,12,y,0.0,1.0,0.5184351361197415,3.930537211682683e-05
crowding_seed3,13,y,0.0,1.0,0.4731991158333919,1.982847171810853e-05
crowding_seed3,14,y,0.0,1.0,0.45348047198785224,2.574898148677285e-05
crowding_seed3,15,y,0.0,1.0,0.44674432646024087,5.7492735276998275e-05
crowding_seed3,16,y,0.0,1.0,0.41790365770435045,6.311726016283714e-05
crowding_seed3,17,y,0.0,1.0,0.38764411693149015,6.214722451702848e-05
crowding_seed3,18,y,0.0,1.0,0.3816438260459556,5.750222728861942e-05
crowding_seed3,19,y,0.0,1.0,0.3664806823234876,5.813411920030376e-05
crowding_seed3,20,y,0.0,1.0,0.3344490577874062,6.810573576787604e-05
advection_diffusion_seed1,0,x,0.0,1.0,1.0,4.6933223529777024e-08
advection_diffusion_seed1,1,x,0.0,1.0,1.0,4.3978502617392223e-08
advection_diffusion_seed1,2,x,0.0,1.0,1.0,0.0
advection_diffusion_seed1,3,x,0.0,1.0,1.0,0.0
advection_diffusion_seed1,4,x,0.0,1.0,1.0,0.0
advection_diffusion_seed1,5,x,0.0,1.0,1.0,0.0
advection_diffusion_seed1,6,x,0.0,1.0,1.0,0.0
advection_diffusion_seed1,7,x,0.0,1.0,1.0,0.0
advection_diffusion_seed1,8,x,0.0,1.0,1.0,0.0
advection_diffusion_seed1,9,x,0.0,1.0,1.0,0.0
advection_diffusion_seed1,10,x,0.0,1.0,1.0,0.0
advection_diffusion_seed1,11,x,0.0,1.0,1.0,0.0
advection_diffusion_seed1,12,x,0.0,1.0,1.0,0.0
advection_diffusion_seed1,13,x,0.0,1.0,1.0,0.0
advection_diffusion_seed1,14,x,0.0,1.0,1.0,0.0
advection_diffusion_seed1,15,x,0.0,1.0,1.0,0.0
advection_diffusion_seed1,16,x,0.0,1.0,1.0,0.0
advection_diffusion_seed1,17,x,0.0,1.0,1.0,0.0
advection_diffusion_seed1,18,x,0.0,1.0,1.0,0.0
advection_diffusion_seed1,19,x,0.0,1.0,1.0,0.0
advection_diffusion_seed1,20,x,0.0,1.0,1.0,0.0
advection_diffusion_seed1,0,y,29.7070587018333,30.7070587018333,29.922234516655372,1.8827503481588792e-05
advection_diffusion_seed1,1,y,29.688161472720992,30.688161472720992,29.90747653735786,5.856420193595113e-05
advection_diffusion_seed1,2,y,6.59742247828185,7.59742247828185,7.59742247828185,2.546585164964199e-11
advection_diffusion_seed1,3,y,6.64717629602713,7.64717629602713,7.64717629602713,1.1368683772161603e-13
advection_diffusion_seed1,4,y,6.677672053210845,7.677672053210845,7.677672053210845,3.3394951515219873e-07
advection_diffusion_seed1,5,y,29.62772461252853,30.62772461252853,30.197386384678666,3.051844123547198e-05
advection_diffusion_seed1,6,y,6.623483462832727,7.623483462832727,7.623483462832727,9.873097042145673e-07
advection_diffusion_seed1,7,y,6.619489703262062,7.619489703262062,7.619489703262062,4.5261117520567495e-08
advection_diffusion_seed1,8,y,6.661091014105057,7.661091014105057,7.661091014105057,5.900346877751872e-11
advection_diffusion_seed1,9,y,29.44316964606609,30.44316964606609,30.02558386424284,6.410198693629354e-06
advection_diffusion_seed1,10,y,29.382191530506546,30.382191530506546,29.61244159899568,1.9950620298914146e-05
advection_diffusion_seed1,11,y,6.655119879124793,7.655119879124793,7.655119879124797,3.3395486298104515e-05
advection_diffusion_seed1,12,y,6.581507699745767,7.581507699745767,7.581507699745771,6.852167189208558e-08
advection_diffusion_seed1,13,y,6.654607356509526,7.654607356509526,7.65460735650953,7.016554945948883e-07
advection_diffusion_seed1,14,y,6.602757129854371,7.602757129854371,7.602757129854371,5.88799673550966e-06
advection_diffusion_seed1,15,y,6.6702638102192005,7.6702638102192005,7.6702638102192005,8.638189569865062e-06
advection_diffusion_seed1,16,y,6.554399138213451,7.554399138213451,7.554399138213455,4.1598013922339305e-10
advection_diffusion_seed1,17,y,6.510787673086835,7.510787673086835,7.510787673086838,5.270976544125006e-09
advection_diffusion_seed1,18,y,6.538313228065039,7.538313228065039,7.538313228065039,6.372147254296578e-10
advection_diffusion_seed1,19,y,6.580698192162139,7.580698192162139,7.580698192162139,3.149125404888764e-11
advection_diffusion_seed1,20,y,6.488296008429565,7.488296008429565,7.488296008429565,1.3387762010097504e-09
advection_diffusion_seed2,0,x,12.20409919543441,13.20409919543441,13.20409919543441,1.0745261761258007e-05
advection_diffusion_seed2,1,x,12.114984631147536,13.114984631147536,13.114984631147536,2.096635057569074e-06
advection_diffusion_seed2,2,x,12.08838198701612,13.08838198701612,13.08838198701612,8.425266389622266e-05
advection_diffusion_seed2,3,x,12.150558070588403,13.150558070588403,13.150558070588403,0.0002025746683784746
advection_diffusion_seed2,4,x,12.191080035335034,13.191080035335034,13.191080035335034,0.00012669398631715012
advection_diffusion_seed2,5,x,12.147898914493183,13.147898914493183,13.147898914493183,5.605850219581043e-07
advection_diffusion_seed2,6,x,12.102783973608766,13.102783973608766,13.102783973608766,4.4364912810124224e-07
advection_diffusion_seed2,7,x,12.029030484745974,13.029030484745974,13.029030484745974,2.5390952600901073e-05
advection_diffusion_seed2,8,x,12.056631285732834,13.056631285732834,13.056631285732834,1.344046495432849e-06
advection_diffusion_seed2,9,x,12.140032209429819,13.140032209429819,13.140032209429819,4.5522990376412054e-05
advection_diffusion_seed2,10,x,12.158797713225454,13.158797713225454,13.158797713225454,1.604538283572765e-06
advection_diffusion_seed2,11,x,12.042572198108886,13.042572198108886,13.042572198108886,5.2707084023495554e-05
advection_diffusion_seed2,12,x,11.988563581387737,12.988563581387737,12.988563581387737,3.706679683546099e-05
advection_diffusion_seed2,13,x,12.055623525943403,13.055623525943403,13.055623525943403,0.00015737405249183212
advection_diffusion_seed2,14,x,12.0859375,13.0859375,13.0859375,2.4028454618019168e-05
advection_diffusion_seed2,15,x,12.088203620274243,13.088203620274243,13.088203620274243,5.387977739701455e-05
advection_diffusion_seed2,16,x,12.002279426837859,13.002279426837859,13.002279426837859,1.8714584598455986e-05
advection_diffusion_seed2,17,x,11.962465123262533,12.962465123262533,12.962465123262533,3.593765063669707e-05
advection_diffusion_seed2,18,x,11.96427223110669,12.96427223110669,12.96427223110669,7.114456366252853e-06
advection_diffusion_seed2,19,x,11.769793283361722,12.769793283361722,12.769793283361722,2.278459987792303e-05
advection_diffusion_seed2,20,x,11.747714424153884,12.747714424153884,12.747714424153884,1.9117385818390176e-05
advection_diffusion_seed2,0,y,7.445373941016623,8.445373941016623,8.445373941016626,1.1368683772161603e-13
advection_diffusion_seed2,1,y,7.286023867696514,8.286023867696514,8.286023867696514,0.0
advection_diffusion_seed2,2,y,7.370680901628514,8.370680901628514,8.370680901628518,0.0
advection_diffusion_seed2,3,y,7.385050297404121,8.38505029740412,8.38505029740412,0.0
advection_diffusion_seed2,4,y,7.465071893760722,8.465071893760722,8.465071893760722,0.0
advection_diffusion_seed2,5,y,7.383502683787402,8.383502683787402,8.383502683787402,0.0
advection_diffusion_seed2,6,y,7.4919156733247405,8.49191567332474,8.49191567332474,0.0
advection_diffusion_seed2,7,y,7.4118174256263,8.4118174256263,8.4118174256263,1.1368683772161603e-13
advection_diffusion_seed2,8,y,7.394232536764704,8.394232536764704,8.394232536764704,0.0
advection_diffusion_seed2,9,y,7.349251593015559,8.349251593015559,8.349251593015559,0.0
advection_diffusion_seed2,10,y,7.432236842105265,8.432236842105265,8.432236842105269,1.1368683772161603e-13
advection_diffusion_seed2,11,y,7.399300265635375,8.399300265635375,8.399300265635375,0.0
advection_diffusion_seed2,12,y,7.367714353176897,8.367714353176897,8.367714353176897,0.0
advection_diffusion_seed2,13,y,7.394835648307048,8.394835648307048,8.394835648307051,1.1368683772161603e-13
advection_diffusion_seed2,14,y,7.404015575864783,8.404015575864783,8.404015575864783,0.0
advection_diffusion_seed2,15,y,7.292980572790558,8.292980572790558,8.292980572790558,1.1368683772161603e-13
advection_diffusion_seed2,16,y,7.381632996729916,8.381632996729916,8.38163299672992,0.0
advection_diffusion_seed2,17,y,7.3803663524068455,8.380366352406845,8.380366352406845,0.0
advection_diffusion_seed2,18,y,7.424218750000001,8.424218750000001,8.424218750000001,0.0
advection_diffusion_seed2,19,y,7.379465098477326,8.379465098477326,8.379465098477326,0.0
advection_diffusion_seed2,20,y,7.336230708180096,8.336230708180096,8.336230708180096,0.0
advection_diffusion_seed3,0,x,13.48435847546962,14.48435847546962,14.48435847546962,3.5177172321709804e-06
advection_diffusion_seed3,1,x,13.455400562946735,14.455400562946735,14.455400562946735,3.5739161148740095e-05
advection_diffusion_seed3,2,x,13.541423973974418,14.541423973974418,14.541423973974418,8.277273946077912e-05
advection_diffusion_seed3,3,x,13.379757283110877,14.379757283110877,14.379757283110877,1.9654596030704852e-05
advection_diffusion_seed3,4,x,13.386454364407498,14.386454364407498,14.386454364407498,9.010070107251522e-05
advection_diffusion_seed3,5,x,13.521145046035045,14.521145046035045,14.521145046035045,3.4525955925346352e-06
advection_diffusion_seed3,6,x,13.446536086037312,14.446536086037312,14.446536086037312,2.1904061668465147e-05
advection_diffusion_seed3,7,x,13.51735287154635,14.51735287154635,14.51735287154635,1.4122941820460255e-05
advection_diffusion_seed3,8,x,13.440754937945371,14.440754937945371,14.440754937945371,9.922323442879133e-07
advection_diffusion_seed3,9,x,13.457600653061462,14.457600653061462,14.457600653061462,5.207793128647609e-05
advection_diffusion_seed3,10,x,13.413189409009249,14.413189409009249,14.413189409009249,0.00021837454733031336
advection_diffusion_seed3,11,x,13.422365937334959,14.422365937334959,14.422365937334959,6.6851989686256275e-06
advection_diffusion_seed3,12,x,13.280712447246927,14.280712447246927,14.280712447246927,9.625135703572596e-06
advection_diffusion_seed3,13,x,13.239699323975415,14.239699323975415,14.239699323975415,1.059845817508176e-05
advection_diffusion_seed3,14,x,13.21313295226372,14.21313295226372,14.21313295226372,7.21824923175518e-05
advection_diffusion_seed3,15,x,13.1813487336767,14.1813487336767,14.1813487336767,2.2814886051492067e-06
advection_diffusion_seed3,16,x,13.108098328515553,14.108098328515553,14.108098328515553,3.1137070664044586e-06
advection_diffusion_seed3,17,x,12.911282273346714,13.911282273346714,13.911282273346714,1.2070587445123238e-06
advection_diffusion_seed3,18,x,12.866644227256543,13.866644227256543,13.866644227256543,3.4556888977022027e-06
advection_diffusion_seed3,19,x,12.939061194990288,13.939061194990288,13.939061194990288,7.149865041355952e-06
advection_diffusion_seed3,20,x,12.809760768739068,13.809760768739068,13.809760768739068,2.924674163296004e-06
advection_diffusion_seed3,0,y,7.574724075975361,8.574724075975361,8.574724075975368,0.0
advection_diffusion_seed3,1,y,7.56288542319669,8.56288542319669,8.56288542319669,0.0
advection_diffusion_seed3,2,y,7.475255113341053,8.475255113341053,8.475255113341053,1.1368683772161603e-13
advection_diffusion_seed3,3,y,7.492814763330287,8.492814763330287,8.492814763330287,0.0
advection_diffusion_seed3,4,y,7.410106578853625,8.410106578853625,8.410106578853629,0.0
advection_diffusion_seed3,5,y,7.505314517855492,8.505314517855492,8.505314517855496,0.0
advection_diffusion_seed3,6,y,7.586929056762383,8.586929056762383,8.586929056762386,0.0
advection_diffusion_seed3,7,y,7.597863399621215,8.597863399621215,8.597863399621218,0.0
advection_diffusion_seed3,8,y,7.542113170546557,8.542113170546557,8.542113170546557,0.0
advection_diffusion_seed3,9,y,7.729603203823579,8.72960320382358,8.729603203823586,1.1368683772161603e-13
advection_diffusion_seed3,10,y,7.645311406483135,8.645311406483135,8.645311406483135,0.0
advection_diffusion_seed3,11,y,7.696641057597038,8.696641057597038,8.696641057597038,1.1368683772161603e-13
advection_diffusion_seed3,12,y,7.584887762504486,8.584887762504486,8.584887762504493,1.1368683772161603e-13
advection_diffusion_seed3,13,y,7.6402284089449495,8.64022840894495,8.64022840894495,0.0
advection_diffusion_seed3,14,y,7.583490057662548,8.583490057662548,8.583490057662548,0.0
advection_diffusion_seed3,15,y,7.563765023856689,8.56376502385669,8.56376502385669,0.0
advection_diffusion_seed3,16,y,7.475911377448789,8.475911377448789,8.475911377448796,1.1368683772161603e-13
advection_diffusion_seed3,17,y,7.433042628092817,8.433042628092817,8.43304262809282,1.1368683772161603e-13
advection_diffusion_seed3,18,y,7.4549286038312275,8.454928603831227,8.454928603831227,0.0
advection_diffusion_seed3,19,y,7.3948225817544575,8.394822581754458,8.394822581754458,0.0
advection_diffusion_seed3,20,y,7.497379611882376,8.497379611882376,8.49737961188238,0.0
translation_growth_grid49,0,x,0.0,1.0,1.0,2.6070939341593657e-05
translation_growth_grid49,1,x,0.0,1.0,1.0,2.961553796865246e-05
translation_growth_grid49,2,x,0.0,1.0,1.0,3.570897929705552e-05
translation_growth_grid49,3,x,0.0,1.0,1.0,3.9699051924912965e-05
translation_growth_grid49,4,x,0.0,1.0,1.0,3.88158893116497e-05
translation_growth_grid49,5,x,0.0,1.0,1.0,4.36059034285563e-05
translation_growth_grid49,6,x,0.0,1.0,1.0,4.4643197313121163e-05
translation_growth_grid49,7,x,0.0,1.0,1.0,5.2852530913582996e-05
translation_growth_grid49,8,x,0.0,1.0,1.0,6.470352704468496e-05
translation_growth_grid49,9,x,0.0,1.0,1.0,6.291943149960844e-05
translation_growth_grid49,10,x,0.0,1.0,1.0,6.689208714760753e-05
translation_growth_grid49,11,x,0.0,1.0,1.0,7.156589477119724e-05
translation_growth_grid49,12,x,0.0,1.0,1.0,7.22240528148177e-05
translation_growth_grid49,13,x,0.0,1.0,1.0,8.900029682479271e-05
translation_growth_grid49,14,x,0.0,1.0,1.0,9.744840534153809e-05
translation_growth_grid49,15,x,0.0,1.0,1.0,0.00010212652036045711
translation_growth_grid49,16,x,0.0,1.0,1.0,0.00010506110552910286
translation_growth_grid49,17,x,0.0,1.0,1.0,9.578821951095051e-05
translation_growth_grid49,18,x,0.0,1.0,1.0,0.00010760092573036673
translation_growth_grid49,19,x,0.0,1.0,1.0,0.0001292558859802284
translation_growth_grid49,20,x,0.0,1.0,1.0,0.00013926356865567868
translation_growth_grid49,0,y,0.0,1.0,1.0,1.3931873752426327e-05
translation_growth_grid49,1,y,0.0,1.0,1.0,1.198596379481387e-05
translation_growth_grid49,2,y,0.0,1.0,1.0,1.1325131026751478e-05
translation_growth_grid49,3,y,0.0,1.0,1.0,1.3038177485213964e-05
translation_growth_grid49,4,y,0.0,1.0,1.0,1.4234067691631935e-05
translation_growth_grid49,5,y,0.0,1.0,1.0,1.9699277629570133e-05
translation_growth_grid49,6,y,0.0,1.0,1.0,1.8436396544529998e-05
translation_growth_grid49,7,y,0.0,1.0,1.0,1.519135588523568e-05
translation_growth_grid49,8,y,0.0014705882352856747,1.0014705882352857,1.0014705882352857,1.0817178008437622e-05
translation_growth_grid49,9,y,0.0,1.0,1.0,1.3580212566921546e-05
translation_growth_grid49,10,y,0.0,1.0,1.0,1.6621042050246615e-05
translation_growth_grid49,11,y,0.0,1.0,1.0,1.881369132661348e-05
translation_growth_grid49,12,y,0.0,1.0,1.0,1.7172782918351004e-05
translation_growth_grid49,13,y,0.0,1.0,1.0,1.3201735100665246e-05
translation_growth_grid49,14,y,0.0795289855072383,1.0795289855072383,1.0795289855072383,1.3416445767688856e-05
translation_growth_grid49,15,y,0.03885869565217348,1.0388586956521735,1.0388586956521735,1.3448664390125487e-05
translation_growth_grid49,16,y,0.0,1.0,1.0,1.4611928577323852e-05
translation_growth_grid49,17,y,0.0,1.0,1.0,1.434303123915015e-05
translation_growth_grid49,18,y,0.09500217770035135,1.0950021777003514,1.0950021777003514,1.51678489146434e-05
translation_growth_grid49,19,y,0.13794642857143202,1.137946428571432,1.1379464285714391,1.797226150301867e-05
translation_growth_grid49,20,y,0.19673913043478564,1.1967391304347856,1.1967391304347856,1.6860402865859214e-05
translation_growth_grid81,0,x,0.0,1.0,1.0,3.5331681388584e-05
translation_growth_grid81,1,x,0.0,1.0,1.0,3.235779999499755e-05
translation_growth_grid81,2,x,0.0,1.0,1.0,4.118519899520834e-05
translation_growth_grid81,3,x,0.0,1.0,1.0,4.445602708358365e-05
translation_growth_grid81,4,x,0.0,1.0,1.0,4.497587889318311e-05
translation_growth_grid81,5,x,0.0,1.0,1.0,5.2803840645765376e-05
translation_growth_grid81,6,x,0.0,1.0,1.0,6.0460538648499096e-05
translation_growth_grid81,7,x,0.0,1.0,1.0,6.071805761109772e-05
translation_growth_grid81,8,x,0.0,1.0,1.0,6.661316854206234e-05
translation_growth_grid81,9,x,0.0,1.0,1.0,7.547124623386026e-05
translation_growth_grid81,10,x,0.0,1.0,1.0,8.197072796178873e-05
translation_growth_grid81,11,x,0.0,1.0,1.0,8.230645102003109e-05
translation_growth_grid81,12,x,0.0,1.0,1.0,9.03979800881416e-05
translation_growth_grid81,13,x,0.0,1.0,1.0,0.00010266685549709109
translation_growth_grid81,14,x,0.0,1.0,1.0,0.00010249132350281798
translation_growth_grid81,15,x,0.0,1.0,1.0,0.00010908201187476152
translation_growth_grid81,16,x,0.0,1.0,1.0,0.00012420936425883156
translation_growth_grid81,17,x,0.0,1.0,1.0,0.00012661489731158326
translation_growth_grid81,18,x,0.0,1.0,1.0,0.0001308475006851495
translation_growth_grid81,19,x,0.0,1.0,1.0,0.0001435678599932544
translation_growth_grid81,20,x,0.0,1.0,1.0,0.00015758302637891575
translation_growth_grid81,0,y,0.0,1.0,1.0,1.5357906704593915e-05
translation_growth_grid81,1,y,0.0,1.0,1.0,1.460345100667837e-05
translation_growth_grid81,2,y,0.0,1.0,1.0,1.3542228771257214e-05
translation_growth_grid81,3,y,0.0,1.0,1.0,1.3979924176510394e-05
translation_growth_grid81,4,y,0.0,1.0,1.0,1.4650248772341001e-05
translation_growth_grid81,5,y,0.0,1.0,1.0,1.5059964368902001e-05
translation_growth_grid81,6,y,0.0,1.0,1.0,1.3510203814348642e-05
translation_growth_grid81,7,y,0.0,1.0,1.0,1.5360634506578208e-05
translation_growth_grid81,8,y,0.0,1.0,1.0,1.5702081213930796e-05
translation_growth_grid81,9,y,0.0,1.0,1.0,1.4954295693314634e-05
translation_growth_grid81,10,y,0.0,1.0,1.0,1.5862703435232106e-05
translation_growth_grid81,11,y,0.0,1.0,1.0,1.483033827298641e-05
translation_growth_grid81,12,y,0.0,1.0,1.0,1.41726220590499e-05
translation_growth_grid81,13,y,0.0,1.0,1.0,1.4749371075595263e-05
translation_growth_grid81,14,y,0.0,1.0,1.0,1.4175135561345087e-05
translation_growth_grid81,15,y,0.0,1.0,1.0,1.6024471506170812e-05
translation_growth_grid81,16,y,0.05137571682752906,1.051375716827529,1.0513757168275362,1.5860040093684802e-05
translation_growth_grid81,17,y,0.016505414312618427,1.0165054143126184,1.0165054143126184,1.5324103173952608e-05
translation_growth_grid81,18,y,0.09660416001278094,1.096604160012781,1.096604160012788,1.6881671967894363e-05
translation_growth_grid81,19,y,0.10333079804311751,1.1033307980431175,1.1033307980431175,1.749589068822388e-05
translation_growth_grid81,20,y,0.3085459616593269,1.308545961659327,1.308545961659334,1.9363156411600357e-05
