scene,mode,t,feature,q,x,width,true_measure
translation,Full,0,0,22.099999999999998,22.100002486210563,4.68,78
translation,Full,0,1,38.199999999999996,38.1999883734349,4.859999999999999,81
translation,Full,0,2,59.199999999999996,59.20000914035453,5.46,91
translation,Full,1,0,23.099999999999998,23.100000355172934,4.68,78
translation,Full,1,1,39.199999999999996,39.19999833906213,4.859999999999999,81
translation,Full,1,2,60.19999999999999,60.20000130576492,5.46,91
translation,Full,2,0,24.099999999999998,24.100000050738984,4.68,78
translation,Full,2,1,40.199999999999996,40.19999976272316,4.859999999999999,81
translation,Full,2,2,61.19999999999999,61.200000186537835,5.46,91
translation,Full,3,0,25.099999999999998,25.100000007248422,4.68,78
translation,Full,3,1,41.199999999999996,41.199999966103306,4.859999999999999,81
translation,Full,3,2,62.19999999999999,62.200000026648254,5.46,91
translation,Full,4,0,26.099999999999998,26.100000001035493,4.68,78
translation,Full,4,1,42.199999999999996,42.19999999515762,4.859999999999999,81
translation,Full,4,2,63.199999999999996,63.20000000380689,5.46,91
translation,Full,5,0,27.1,27.100000000147936,4.68,78
translation,Full,5,1,43.199999999999996,43.19999999930823,4.859999999999999,81
translation,Full,5,2,64.2,64.20000000054385,5.46,91
translation,Full,6,0,28.1,28.10000000002114,4.68,78
translation,Full,6,1,44.199999999999996,44.19999999990118,4.859999999999999,81
translation,Full,6,2,65.2,65.2000000000777,5.46,91
translation,Full,7,0,29.1,29.10000000000302,4.68,78
translation,Full,7,1,45.199999999999996,45.199999999985884,4.859999999999999,81
translation,Full,7,2,66.2,66.2000000000111,5.46,91
translation,Full,8,0,30.1,30.10000000000044,4.68,78
translation,Full,8,1,46.199999999999996,46.199999999997985,4.859999999999999,81
translation,Full,8,2,67.2,67.2000000000016,5.46,91
translation,Full,9,0,31.1,31.100000000000072,4.68,78
translation,Full,9,1,47.199999999999996,47.19999999999972,4.859999999999999,81
translation,Full,9,2,68.2,68.20000000000024,5.46,91
translation,Full,10,0,32.1,32.10000000000003,4.68,78
translation,Full,10,1,48.199999999999996,48.199999999999974,4.859999999999999,81
translation,Full,10,2,69.2,69.20000000000005,5.46,91
translation,Full,11,0,33.099999999999994,33.10000000000001,4.68,78
translation,Full,11,1,49.199999999999996,49.2,4.859999999999999,81
translation,Full,11,2,70.2,70.20000000000002,5.46,91
translation,Full,12,0,34.1,34.10000000000002,4.68,78
translation,Full,12,1,50.199999999999996,50.20000000000002,4.859999999999999,81
translation,Full,12,2,71.2,71.20000000000003,5.46,91
translation,RelativeWidth,0,0,22.099999999999998,22.100002486210563,4.68,78
translation,RelativeWidth,0,1,38.199999999999996,38.1999883734349,4.859999999999999,81
translation,RelativeWidth,0,2,59.199999999999996,59.20000914035453,5.46,91
translation,RelativeWidth,1,0,23.099999999999998,23.100000355172934,4.68,78
translation,RelativeWidth,1,1,39.199999999999996,39.19999833906213,4.859999999999999,81
translation,RelativeWidth,1,2,60.19999999999999,60.20000130576492,5.46,91
translation,RelativeWidth,2,0,24.099999999999998,24.100000050738984,4.68,78
translation,RelativeWidth,2,1,40.199999999999996,40.19999976272316,4.859999999999999,81
translation,RelativeWidth,2,2,61.19999999999999,61.200000186537835,5.46,91
translation,RelativeWidth,3,0,25.099999999999998,25.100000007248422,4.68,78
translation,RelativeWidth,3,1,41.199999999999996,41.199999966103306,4.859999999999999,81
translation,RelativeWidth,3,2,62.19999999999999,62.200000026648254,5.46,91
translation,RelativeWidth,4,0,26.099999999999998,26.100000001035493,4.68,78
translation,RelativeWidth,4,1,42.199999999999996,42.19999999515762,4.859999999999999,81
translation,RelativeWidth,4,2,63.199999999999996,63.20000000380689,5.46,91
translation,RelativeWidth,5,0,27.1,27.100000000147936,4.68,78
translation,RelativeWidth,5,1,43.199999999999996,43.19999999930823,4.859999999999999,81
translation,RelativeWidth,5,2,64.2,64.20000000054385,5.46,91
translation,RelativeWidth,6,0,28.1,28.10000000002114,4.68,78
translation,RelativeWidth,6,1,44.199999999999996,44.19999999990118,4.859999999999999,81
translation,RelativeWidth,6,2,65.2,65.2000000000777,5.46,91
translation,RelativeWidth,7,0,29.1,29.10000000000302,4.68,78
translation,RelativeWidth,7,1,45.199999999999996,45.199999999985884,4.859999999999999,81
translation,RelativeWidth,7,2,66.2,66.2000000000111,5.46,91
translation,RelativeWidth,8,0,30.1,30.10000000000044,4.68,78
translation,RelativeWidth,8,1,46.199999999999996,46.199999999997985,4.859999999999999,81
translation,RelativeWidth,8,2,67.2,67.2000000000016,5.46,91
translation,RelativeWidth,9,0,31.1,31.100000000000072,4.68,78
translation,RelativeWidth,9,1,47.199999999999996,47.19999999999972,4.859999999999999,81
translation,RelativeWidth,9,2,68.2,68.20000000000024,5.46,91
translation,RelativeWidth,10,0,32.1,32.10000000000003,4.68,78
translation,RelativeWidth,10,1,48.199999999999996,48.199999999999974,4.859999999999999,81
translation,RelativeWidth,10,2,69.2,69.20000000000005,5.46,91
translation,RelativeWidth,11,0,33.099999999999994,33.10000000000001,4.68,78
translation,RelativeWidth,11,1,49.199999999999996,49.2,4.859999999999999,81
translation,RelativeWidth,11,2,70.2,70.20000000000002,5.46,91
translation,RelativeWidth,12,0,34.1,34.10000000000002,4.68,78
translation,RelativeWidth,12,1,50.199999999999996,50.20000000000002,4.859999999999999,81
translation,RelativeWidth,12,2,71.2,71.20000000000003,5.46,91
translation,OldTime,0,0,22.099999999999998,22.100002486210563,4.68,78
translation,OldTime,0,1,38.199999999999996,38.1999883734349,4.859999999999999,81
translation,OldTime,0,2,59.199999999999996,59.20000914035453,5.46,91
translation,OldTime,1,0,23.099999999999998,22.100001413513212,4.68,78
translation,OldTime,1,1,39.199999999999996,38.20000271064642,4.859999999999999,81
translation,OldTime,1,2,60.19999999999999,59.200000447928765,5.46,91
translation,OldTime,2,0,24.099999999999998,23.099999999999998,4.68,78
translation,OldTime,2,1,40.199999999999996,39.199999999999996,4.859999999999999,81
translation,OldTime,2,2,61.19999999999999,60.19999999999999,5.46,91
translation,OldTime,3,0,25.099999999999998,24.099999999999998,4.68,78
translation,OldTime,3,1,41.199999999999996,40.199999999999996,4.859999999999999,81
translation,OldTime,3,2,62.19999999999999,61.19999999999999,5.46,91
translation,OldTime,4,0,26.099999999999998,25.099999999999998,4.68,78
translation,OldTime,4,1,42.199999999999996,41.199999999999996,4.859999999999999,81
translation,OldTime,4,2,63.199999999999996,62.199999999999996,5.46,91
translation,OldTime,5,0,27.1,26.1,4.68,78
translation,OldTime,5,1,43.199999999999996,42.199999999999996,4.859999999999999,81
translation,OldTime,5,2,64.2,63.2,5.46,91
translation,OldTime,6,0,28.1,27.1,4.68,78
translation,OldTime,6,1,44.199999999999996,43.199999999999996,4.859999999999999,81
translation,OldTime,6,2,65.2,64.2,5.46,91
translation,OldTime,7,0,29.1,28.1,4.68,78
translation,OldTime,7,1,45.199999999999996,44.199999999999996,4.859999999999999,81
translation,OldTime,7,2,66.2,65.2,5.46,91
translation,OldTime,8,0,30.1,29.1,4.68,78
translation,OldTime,8,1,46.199999999999996,45.199999999999996,4.859999999999999,81
translation,OldTime,8,2,67.2,66.2,5.46,91
translation,OldTime,9,0,31.1,30.1,4.68,78
translation,OldTime,9,1,47.199999999999996,46.199999999999996,4.859999999999999,81
translation,OldTime,9,2,68.2,67.2,5.46,91
translation,OldTime,10,0,32.1,31.1,4.68,78
translation,OldTime,10,1,48.199999999999996,47.199999999999996,4.859999999999999,81
translation,OldTime,10,2,69.2,68.2,5.46,91
translation,OldTime,11,0,33.099999999999994,32.099999999999994,4.68,78
translation,OldTime,11,1,49.199999999999996,48.199999999999996,4.859999999999999,81
translation,OldTime,11,2,70.2,69.2,5.46,91
translation,OldTime,12,0,34.1,33.1,4.68,78
translation,OldTime,12,1,50.199999999999996,49.199999999999996,4.859999999999999,81
translation,OldTime,12,2,71.2,70.2,5.46,91
translation,NoTime,0,0,22.099999999999998,22.100002486210563,4.68,78
translation,NoTime,0,1,38.199999999999996,38.1999883734349,4.859999999999999,81
translation,NoTime,0,2,59.199999999999996,59.20000914035453,5.46,91
translation,NoTime,1,0,23.099999999999998,23.10000248621056,4.68,78
translation,NoTime,1,1,39.199999999999996,39.19998837343489,4.859999999999999,81
translation,NoTime,1,2,60.19999999999999,60.200009140354524,5.46,91
translation,NoTime,2,0,24.099999999999998,24.10000248621056,4.68,78
translation,NoTime,2,1,40.199999999999996,40.19998837343489,4.859999999999999,81
translation,NoTime,2,2,61.19999999999999,61.200009140354524,5.46,91
translation,NoTime,3,0,25.099999999999998,25.10000248621056,4.68,78
translation,NoTime,3,1,41.199999999999996,41.19998837343489,4.859999999999999,81
translation,NoTime,3,2,62.19999999999999,62.200009140354524,5.46,91
translation,NoTime,4,0,26.099999999999998,26.100002486210563,4.68,78
translation,NoTime,4,1,42.199999999999996,42.1999883734349,4.859999999999999,81
translation,NoTime,4,2,63.199999999999996,63.20000914035453,5.46,91
translation,NoTime,5,0,27.1,27.100002486210567,4.68,78
translation,NoTime,5,1,43.199999999999996,43.19998837343489,4.859999999999999,81
translation,NoTime,5,2,64.2,64.20000914035454,5.46,91
translation,NoTime,6,0,28.1,28.100002486210567,4.68,78
translation,NoTime,6,1,44.199999999999996,44.19998837343489,4.859999999999999,81
translation,NoTime,6,2,65.2,65.20000914035454,5.46,91
translation,NoTime,7,0,29.1,29.100002486210567,4.68,78
translation,NoTime,7,1,45.199999999999996,45.19998837343489,4.859999999999999,81
translation,NoTime,7,2,66.2,66.20000914035454,5.46,91
translation,NoTime,8,0,30.1,30.100002486210567,4.68,78
translation,NoTime,8,1,46.199999999999996,46.19998837343489,4.859999999999999,81
translation,NoTime,8,2,67.2,67.20000914035454,5.46,91
translation,NoTime,9,0,31.1,31.100002486210567,4.68,78
translation,NoTime,9,1,47.199999999999996,47.19998837343489,4.859999999999999,81
translation,NoTime,9,2,68.2,68.20000914035454,5.46,91
translation,NoTime,10,0,32.1,32.10000248621056,4.68,78
translation,NoTime,10,1,48.199999999999996,48.19998837343489,4.859999999999999,81
translation,NoTime,10,2,69.2,69.20000914035454,5.46,91
translation,NoTime,11,0,33.099999999999994,33.100002486210556,4.68,78
translation,NoTime,11,1,49.199999999999996,49.19998837343489,4.859999999999999,81
translation,NoTime,11,2,70.2,70.20000914035454,5.46,91
translation,NoTime,12,0,34.1,34.10000248621056,4.68,78
translation,NoTime,12,1,50.199999999999996,50.19998837343489,4.859999999999999,81
translation,NoTime,12,2,71.2,71.20000914035454,5.46,91
growth,Full,0,0,35.7,35.70000000006734,11.52,192
growth,Full,0,1,72.20000000000002,72.19999999993269,10.26,171
growth,Full,1,0,35.7,35.69999966526537,11.52,192
growth,Full,1,1,73.0,73.00000007612097,10.74,179
growth,Full,2,0,35.7,35.69999973835534,11.52,192
growth,Full,2,1,73.9,73.89999998584621,11.28,188
growth,Full,3,0,35.7,35.69999981265306,11.52,192
growth,Full,3,1,74.70000000000002,74.69999993750619,11.76,196
growth,Full,4,0,35.7,35.69999985775825,11.52,192
growth,Full,4,1,75.49999999999999,75.49999992407892,12.24,204
growth,Full,5,0,35.7,35.699999886348955,11.52,192
growth,Full,5,1,76.4,76.39999992505692,12.78,213
growth,Full,6,0,35.7,35.699999904462985,11.52,192
growth,Full,6,1,77.20000000000002,77.19999993100257,13.26,221
growth,Full,7,0,35.7,35.69999991511384,11.52,192
growth,Full,7,1,78.1,78.09999993251924,13.799999999999999,230
growth,Full,8,0,35.7,35.69999991939426,11.52,192
growth,Full,8,1,78.9,78.89999992773396,14.28,238
growth,Full,9,0,35.7,35.69999991528489,11.52,192
growth,Full,9,1,79.80000000000001,79.79999991289841,14.82,247
growth,Full,10,0,35.7,35.69999990137828,11.52,192
growth,Full,10,1,80.60000000000001,80.59999988828658,15.299999999999999,255
growth,RelativeWidth,0,0,35.7,35.70000000006734,11.52,192
growth,RelativeWidth,0,1,72.20000000000002,72.19999999993269,10.26,171
growth,RelativeWidth,1,0,35.7,35.699999636513795,11.271590296495955,192
growth,RelativeWidth,1,1,73.0,73.0000001400214,10.508409703504041,179
growth,RelativeWidth,2,0,35.7,35.69999809672603,11.004631578947368,192
growth,RelativeWidth,2,1,73.9,73.89999914580274,10.775368421052631,188
growth,RelativeWidth,3,0,35.7,35.69999853073583,10.777731958762885,192
growth,RelativeWidth,3,1,74.70000000000002,74.69999876866385,11.002268041237114,196
growth,RelativeWidth,4,0,35.7,35.699998685894045,10.559999999999999,192
growth,RelativeWidth,4,1,75.49999999999999,75.49999888978805,11.219999999999999,204
growth,RelativeWidth,5,0,35.7,35.69999837889839,10.325333333333331,192
growth,RelativeWidth,5,1,76.4,76.39999925926678,11.454666666666665,213
growth,RelativeWidth,6,0,35.7,35.699998731045746,10.125326876513316,192
growth,RelativeWidth,6,1,77.20000000000002,77.19999890711942,11.654673123486681,221
growth,RelativeWidth,7,0,35.7,35.69999697928303,9.909383886255924,192
growth,RelativeWidth,7,1,78.1,78.09999774481831,11.870616113744077,230
growth,RelativeWidth,8,0,35.7,35.699991592984034,9.725023255813952,192
growth,RelativeWidth,8,1,78.9,78.89999357086667,12.054976744186046,238
growth,RelativeWidth,9,0,35.7,35.69999192782812,9.525649202733485,192
growth,RelativeWidth,9,1,79.80000000000001,79.79999254171418,12.254350797266515,247
growth,RelativeWidth,10,0,35.7,35.6999905937528,9.355167785234901,192
growth,RelativeWidth,10,1,80.60000000000001,80.599991326965,12.4248322147651,255
growth,OldTime,0,0,35.7,35.70000000006734,11.52,192
growth,OldTime,0,1,72.20000000000002,72.19999999993269,10.26,171
growth,OldTime,1,0,35.7,35.38000000001348,11.52,192
growth,OldTime,1,1,73.0,72.51999999998655,10.74,179
growth,OldTime,2,0,35.7,34.95600003069744,11.52,192
growth,OldTime,2,1,73.9,72.94399969243985,11.28,188
growth,OldTime,3,0,35.7,34.78533334356581,11.52,192
growth,OldTime,3,1,74.70000000000002,73.70000000000002,11.76,196
growth,OldTime,4,0,35.7,34.72844444785527,11.52,192
growth,OldTime,4,1,75.49999999999999,74.49999999999999,12.24,204
growth,OldTime,5,0,35.7,34.70948148261843,11.52,192
growth,OldTime,5,1,76.4,75.4,12.78,213
growth,OldTime,6,0,35.7,34.703160494206145,11.52,192
growth,OldTime,6,1,77.20000000000002,76.20000000000002,13.26,221
growth,OldTime,7,0,35.7,34.701013742683976,11.52,192
growth,OldTime,7,1,78.1,77.1,13.799999999999999,230
growth,OldTime,8,0,35.7,34.70032482049998,11.52,192
growth,OldTime,8,1,78.9,77.9,14.28,238
growth,OldTime,9,0,35.7,34.70010396112327,11.52,192
growth,OldTime,9,1,79.80000000000001,78.80000000000001,14.82,247
growth,OldTime,10,0,35.7,34.70000010396112,11.52,192
growth,OldTime,10,1,80.60000000000001,79.60000000000001,15.299999999999999,255
growth,NoTime,0,0,35.7,35.70000000006734,11.52,192
growth,NoTime,0,1,72.20000000000002,72.19999999993269,10.26,171
growth,NoTime,1,0,35.7,35.70000000016189,11.52,192
growth,NoTime,1,1,73.0,72.99999999983811,10.74,179
growth,NoTime,2,0,35.7,35.70000000042044,11.52,192
growth,NoTime,2,1,73.9,73.89999999957956,11.28,188
growth,NoTime,3,0,35.7,35.700000000953736,11.52,192
growth,NoTime,3,1,74.70000000000002,74.69999999904628,11.76,196
growth,NoTime,4,0,35.7,35.700000002105305,11.52,192
growth,NoTime,4,1,75.49999999999999,75.49999999789469,12.24,204
growth,NoTime,5,0,35.7,35.7000000049681,11.52,192
growth,NoTime,5,1,76.4,76.3999999950319,12.78,213
growth,NoTime,6,0,35.7,35.700000010360526,11.52,192
growth,NoTime,6,1,77.20000000000002,77.1999999896395,13.26,221
growth,NoTime,7,0,35.7,35.700000022959976,11.52,192
growth,NoTime,7,1,78.1,78.09999997704003,13.799999999999999,230
growth,NoTime,8,0,35.7,35.70000004533689,11.52,192
growth,NoTime,8,1,78.9,78.89999995466312,14.28,238
growth,NoTime,9,0,35.7,35.70000009464345,11.52,192
growth,NoTime,9,1,79.80000000000001,79.79999990535657,14.82,247
growth,NoTime,10,0,35.7,35.70000017751843,11.52,192
growth,NoTime,10,1,80.60000000000001,80.59999982248158,15.299999999999999,255
collective_growth,Full,0,0,22.099999999999998,22.100002486210563,4.68,78
collective_growth,Full,0,1,38.199999999999996,38.1999883734349,4.859999999999999,81
collective_growth,Full,0,2,59.199999999999996,59.20000914035453,5.46,91
collective_growth,Full,1,0,21.599999999999998,21.600000355172938,4.859999999999999,81
collective_growth,Full,1,1,38.199999999999996,38.19999833906213,4.9799999999999995,83
collective_growth,Full,1,2,59.800000000000004,59.800001305764944,5.58,93
collective_growth,Full,2,0,21.0,21.00000005073899,4.9799999999999995,83
collective_growth,Full,2,1,38.1,38.099999762723165,5.16,86
collective_growth,Full,2,2,60.4,60.40000018653785,5.819999999999999,97
collective_growth,Full,3,0,20.6,20.600000007248433,5.1,85
collective_growth,Full,3,1,38.1,38.09999996610331,5.279999999999999,88
collective_growth,Full,3,2,60.99999999999999,61.000000026648266,5.9399999999999995,99
collective_growth,Full,4,0,19.900000000000002,19.900000001035497,5.279999999999999,88
collective_growth,Full,4,1,38.0,37.99999999515762,5.46,91
collective_growth,Full,4,2,61.5,61.500000003806896,6.12,102
collective_growth,Full,5,0,19.5,19.50000000014793,5.3999999999999995,90
collective_growth,Full,5,1,38.0,37.99999999930824,5.58,93
collective_growth,Full,5,2,62.09999999999999,62.10000000054383,6.24,104
collective_growth,Full,6,0,18.9,18.899931462106178,5.52,92
collective_growth,Full,6,1,37.9,37.899923370885396,5.76,96
collective_growth,Full,6,2,62.7,62.699919627465945,6.4799999999999995,108
collective_growth,Full,7,0,18.4,18.399930608322798,5.7,95
collective_growth,Full,7,1,37.9,37.89993015369878,5.88,98
collective_growth,Full,7,2,63.2,63.19992961895397,6.54,109
collective_growth,Full,8,0,17.8,17.799930195753422,5.819999999999999,97
collective_growth,Full,8,1,37.800000000000004,37.799930130807134,6.06,101
collective_growth,Full,8,2,63.800000000000004,63.799930054415015,6.779999999999999,113
collective_growth,Full,9,0,17.3,17.29993013681493,6.0,100
collective_growth,Full,9,1,37.800000000000004,37.799930127536896,6.18,103
collective_growth,Full,9,2,64.4,64.39993011662372,6.8999999999999995,115
collective_growth,Full,10,0,16.7,16.699930128395142,6.12,102
collective_growth,Full,10,1,37.699999999999996,37.6999301270697,6.359999999999999,106
collective_growth,Full,10,2,65.0,64.99993012551067,7.14,119
collective_growth,RelativeWidth,0,0,22.099999999999998,22.100002486210563,4.68,78
collective_growth,RelativeWidth,0,1,38.199999999999996,38.1999883734349,4.859999999999999,81
collective_growth,RelativeWidth,0,2,59.199999999999996,59.20000914035453,5.46,91
collective_growth,RelativeWidth,1,0,21.599999999999998,21.60000035517294,4.727626459143969,81
collective_growth,RelativeWidth,1,1,38.199999999999996,38.19999833906213,4.844357976653696,83
collective_growth,RelativeWidth,1,2,59.800000000000004,59.800001305764944,5.428015564202334,93
collective_growth,RelativeWidth,2,0,21.0,21.000000050738993,4.680451127819549,83
collective_growth,RelativeWidth,2,1,38.1,38.099999762723165,4.849624060150376,86
collective_growth,RelativeWidth,2,2,60.4,60.40000018653785,5.469924812030075,97
collective_growth,RelativeWidth,3,0,20.6,20.600000007248436,4.6875,85
collective_growth,RelativeWidth,3,1,38.1,38.09999996610332,4.852941176470588,88
collective_growth,RelativeWidth,3,2,60.99999999999999,61.00000002664826,5.459558823529411,99
collective_growth,RelativeWidth,4,0,19.900000000000002,19.900000001035497,4.697508896797152,88
collective_growth,RelativeWidth,4,1,38.0,37.99999999515762,4.857651245551601,91
collective_growth,RelativeWidth,4,2,61.5,61.500000003806896,5.444839857651246,102
collective_growth,RelativeWidth,5,0,19.5,19.50000000014793,4.70383275261324,90
collective_growth,RelativeWidth,5,1,38.0,37.99999999930824,4.860627177700348,93
collective_growth,RelativeWidth,5,2,62.09999999999999,62.10000000054383,5.43554006968641,104
collective_growth,RelativeWidth,6,0,18.9,18.900000000021134,4.662162162162162,92
collective_growth,RelativeWidth,6,1,37.9,37.899999999901176,4.864864864864865,96
collective_growth,RelativeWidth,6,2,62.7,62.700000000077694,5.472972972972974,108
collective_growth,RelativeWidth,7,0,18.4,18.40000000000302,4.718543046357616,95
collective_growth,RelativeWidth,7,1,37.9,37.89999999998588,4.8675496688741715,98
collective_growth,RelativeWidth,7,2,63.2,63.2000000000111,5.413907284768213,109
collective_growth,RelativeWidth,8,0,17.8,17.800000000000434,4.678456591639871,97
collective_growth,RelativeWidth,8,1,37.800000000000004,37.799999999997986,4.871382636655948,101
collective_growth,RelativeWidth,8,2,63.800000000000004,63.800000000001596,5.45016077170418,113
collective_growth,RelativeWidth,9,0,17.3,17.300000000000065,4.716981132075472,100
collective_growth,RelativeWidth,9,1,37.800000000000004,37.79999999999972,4.8584905660377355,103
collective_growth,RelativeWidth,9,2,64.4,64.40000000000023,5.4245283018867925,115
collective_growth,RelativeWidth,10,0,16.7,16.70000000000001,4.678899082568807,102
collective_growth,RelativeWidth,10,1,37.699999999999996,37.69999999999995,4.862385321100917,106
collective_growth,RelativeWidth,10,2,65.0,65.00000000000003,5.458715596330275,119
collective_growth,OldTime,0,0,22.099999999999998,22.100002486210563,4.68,78
collective_growth,OldTime,0,1,38.199999999999996,38.1999883734349,4.859999999999999,81
collective_growth,OldTime,0,2,59.199999999999996,59.20000914035453,5.46,91
collective_growth,OldTime,1,0,21.599999999999998,21.64285779930171,4.859999999999999,81
collective_growth,OldTime,1,1,38.199999999999996,38.17142708339691,4.9799999999999995,83
collective_growth,OldTime,1,2,59.800000000000004,59.685715880025576,5.58,93
collective_growth,OldTime,2,0,21.0,21.091837374856144,4.9799999999999995,83
collective_growth,OldTime,2,1,38.1,38.11020439728577,5.16,86
collective_growth,OldTime,2,2,60.4,60.29795996111221,5.819999999999999,97
collective_growth,OldTime,3,0,20.6,20.61312035405607,5.1,85
collective_growth,OldTime,3,1,38.1,38.04431565096581,5.279999999999999,88
collective_growth,OldTime,3,2,60.99999999999999,60.842566402306744,5.9399999999999995,99
collective_growth,OldTime,4,0,19.900000000000002,20.030447299192033,5.279999999999999,88
collective_growth,OldTime,4,1,38.0,38.03490348863231,5.46,91
collective_growth,OldTime,4,2,61.5,61.43465411745013,6.12,102
collective_growth,OldTime,5,0,19.5,19.547208344574518,5.3999999999999995,90
collective_growth,OldTime,5,1,38.0,37.97641638209144,5.58,93
collective_growth,OldTime,5,2,62.09999999999999,61.97638071714043,6.24,104
collective_growth,OldTime,6,0,18.9,18.99246001265862,5.52,92
collective_growth,OldTime,6,1,37.9,37.9109183178839,5.76,96
collective_growth,OldTime,6,2,62.7,62.5966274483514,6.4799999999999995,108
collective_growth,OldTime,7,0,18.4,18.484639132712054,5.7,95
collective_growth,OldTime,7,1,37.9,37.90156167275733,5.88,98
collective_growth,OldTime,7,2,63.2,63.11380589658642,6.54,109
collective_growth,OldTime,8,0,17.8,17.926379115291066,5.819999999999999,97
collective_growth,OldTime,8,1,37.800000000000004,37.843082348709224,6.06,101
collective_growth,OldTime,8,2,63.800000000000004,63.73054575492318,6.779999999999999,113
collective_growth,OldTime,9,0,17.3,17.389359246633596,6.0,100
collective_growth,OldTime,9,1,37.800000000000004,37.80602457096464,6.18,103
collective_growth,OldTime,9,2,64.4,64.30422133915019,6.8999999999999995,115
collective_growth,OldTime,10,0,16.7,16.82681314398366,6.12,102
collective_growth,OldTime,10,1,37.699999999999996,37.743472854425356,6.359999999999999,106
collective_growth,OldTime,10,2,65.0,64.92891830192227,7.14,119
collective_growth,NoTime,0,0,22.099999999999998,22.100002486210563,4.68,78
collective_growth,NoTime,0,1,38.199999999999996,38.1999883734349,4.859999999999999,81
collective_growth,NoTime,0,2,59.199999999999996,59.20000914035453,5.46,91
collective_growth,NoTime,1,0,21.599999999999998,21.600001633919277,4.859999999999999,81
collective_growth,NoTime,1,1,38.199999999999996,38.19998889247348,4.9799999999999995,83
collective_growth,NoTime,1,2,59.800000000000004,59.80000947360725,5.58,93
collective_growth,NoTime,2,0,21.0,21.000002739129844,4.9799999999999995,83
collective_growth,NoTime,2,1,38.1,38.09998721468791,5.16,86
collective_growth,NoTime,2,2,60.4,60.40001004618225,5.819999999999999,97
collective_growth,NoTime,3,0,20.6,20.600002558140048,5.1,85
collective_growth,NoTime,3,1,38.1,38.09998732175688,5.279999999999999,88
collective_growth,NoTime,3,2,60.99999999999999,61.00001012010307,5.9399999999999995,99
collective_growth,NoTime,4,0,19.900000000000002,19.9000023211295,5.279999999999999,88
collective_growth,NoTime,4,1,38.0,37.999987461657646,5.46,91
collective_growth,NoTime,4,2,61.5,61.50001021721285,6.12,102
collective_growth,NoTime,5,0,19.5,19.500002182835,5.3999999999999995,90
collective_growth,NoTime,5,1,38.0,37.999987542884696,5.58,93
collective_growth,NoTime,5,2,62.09999999999999,62.10001027428029,6.24,104
collective_growth,NoTime,6,0,18.9,18.90000075485578,5.52,92
collective_growth,NoTime,6,1,37.9,37.899988168048424,5.76,96
collective_growth,NoTime,6,2,62.7,62.7000110770958,6.4799999999999995,108
collective_growth,NoTime,7,0,18.4,18.400001892897365,5.7,95
collective_growth,NoTime,7,1,37.9,37.89998771120726,5.88,98
collective_growth,NoTime,7,2,63.2,63.200010395895376,6.54,109
collective_growth,NoTime,8,0,17.8,17.8000007117477,5.819999999999999,97
collective_growth,NoTime,8,1,37.800000000000004,37.7999881259487,6.06,101
collective_growth,NoTime,8,2,63.800000000000004,63.800011162303605,6.779999999999999,113
collective_growth,NoTime,9,0,17.3,17.300002112276324,6.0,100
collective_growth,NoTime,9,1,37.800000000000004,37.79998657341379,6.18,103
collective_growth,NoTime,9,2,64.4,64.4000113143099,6.8999999999999995,115
collective_growth,NoTime,10,0,16.7,16.700000792478754,6.12,102
collective_growth,NoTime,10,1,37.699999999999996,37.69998712711769,6.359999999999999,106
collective_growth,NoTime,10,2,65.0,65.00001208040355,7.14,119
translation_growth,Full,0,0,22.099999999999998,22.100002486210563,4.68,78
translation_growth,Full,0,1,38.199999999999996,38.1999883734349,4.859999999999999,81
translation_growth,Full,0,2,59.199999999999996,59.20000914035453,5.46,91
translation_growth,Full,1,0,22.599999999999994,22.600000355172934,4.859999999999999,81
translation_growth,Full,1,1,39.199999999999996,39.19999833906213,4.9799999999999995,83
translation_growth,Full,1,2,60.80000000000002,60.80000130576495,5.58,93
translation_growth,Full,2,0,23.0,23.000000050738993,4.9799999999999995,83
translation_growth,Full,2,1,40.1,40.099999762723165,5.16,86
translation_growth,Full,2,2,62.4,62.400000186537845,5.819999999999999,97
translation_growth,Full,3,0,23.6,23.600000007248433,5.1,85
translation_growth,Full,3,1,41.1,41.09999996610331,5.279999999999999,88
translation_growth,Full,3,2,64.0,64.00000002664827,5.9399999999999995,99
translation_growth,Full,4,0,24.0,24.000000001035488,5.22,87
translation_growth,Full,4,1,42.0,41.999999995157616,5.46,91
translation_growth,Full,4,2,65.5,65.50000000380689,6.12,102
translation_growth,Full,5,0,24.5,24.500000000147924,5.3999999999999995,90
translation_growth,Full,5,1,43.0,42.99999999930823,5.58,93
translation_growth,Full,5,2,67.1,67.10000000054384,6.24,104
translation_growth,Full,6,0,24.900000000000002,24.899931462106178,5.52,92
translation_growth,Full,6,1,43.9,43.89992337088539,5.76,96
translation_growth,Full,6,2,68.69999999999999,68.69991962746593,6.4799999999999995,108
translation_growth,Full,7,0,25.4,25.399930608322794,5.7,95
translation_growth,Full,7,1,44.9,44.89993015369877,5.88,98
translation_growth,Full,7,2,70.2,70.19992961895396,6.54,109
translation_growth,Full,8,0,25.8,25.7999301957534,5.819999999999999,97
translation_growth,Full,8,1,45.800000000000004,45.79993013080712,6.06,101
translation_growth,Full,8,2,71.80000000000001,71.799930054415,6.779999999999999,113
translation_growth,Full,9,0,26.3,26.299930136814915,6.0,100
translation_growth,Full,9,1,46.800000000000004,46.79993012753688,6.18,103
translation_growth,Full,9,2,73.4,73.39993011662372,6.8999999999999995,115
translation_growth,Full,10,0,26.7,26.699930128395135,6.12,102
translation_growth,Full,10,1,47.699999999999996,47.69993012706969,6.359999999999999,106
translation_growth,Full,10,2,75.0,74.99993012551067,7.14,119
translation_growth,RelativeWidth,0,0,22.099999999999998,22.100002486210563,4.68,78
translation_growth,RelativeWidth,0,1,38.199999999999996,38.1999883734349,4.859999999999999,81
translation_growth,RelativeWidth,0,2,59.199999999999996,59.20000914035453,5.46,91
translation_growth,RelativeWidth,1,0,22.599999999999994,22.600000355172934,4.727626459143969,81
translation_growth,RelativeWidth,1,1,39.199999999999996,39.19999833906213,4.844357976653696,83
translation_growth,RelativeWidth,1,2,60.80000000000002,60.80000130576495,5.428015564202334,93
translation_growth,RelativeWidth,2,0,23.0,23.000000050738993,4.680451127819549,83
translation_growth,RelativeWidth,2,1,40.1,40.099999762723165,4.849624060150376,86
translation_growth,RelativeWidth,2,2,62.4,62.40000018653784,5.469924812030075,97
translation_growth,RelativeWidth,3,0,23.6,23.600000007248433,4.6875,85
translation_growth,RelativeWidth,3,1,41.1,41.09999996610331,4.852941176470588,88
translation_growth,RelativeWidth,3,2,64.0,64.00000002664827,5.459558823529411,99
translation_growth,RelativeWidth,4,0,24.0,24.000000001035488,4.660714285714286,87
translation_growth,RelativeWidth,4,1,42.0,41.999999995157616,4.875,91
translation_growth,RelativeWidth,4,2,65.5,65.50000000380689,5.4642857142857135,102
translation_growth,RelativeWidth,5,0,24.5,24.500000000147928,4.70383275261324,90
translation_growth,RelativeWidth,5,1,43.0,42.99999999930823,4.860627177700348,93
translation_growth,RelativeWidth,5,2,67.1,67.10000000054384,5.43554006968641,104
translation_growth,RelativeWidth,6,0,24.900000000000002,24.900000000021137,4.662162162162162,92
translation_growth,RelativeWidth,6,1,43.9,43.89999999990117,4.864864864864865,96
translation_growth,RelativeWidth,6,2,68.69999999999999,68.70000000007768,5.472972972972974,108
translation_growth,RelativeWidth,7,0,25.4,25.400000000003015,4.718543046357616,95
translation_growth,RelativeWidth,7,1,44.9,44.89999999998587,4.8675496688741715,98
translation_growth,RelativeWidth,7,2,70.2,70.2000000000111,5.413907284768213,109
translation_growth,RelativeWidth,8,0,25.8,25.800000000000427,4.678456591639871,97
translation_growth,RelativeWidth,8,1,45.800000000000004,45.79999999999798,4.871382636655948,101
translation_growth,RelativeWidth,8,2,71.80000000000001,71.8000000000016,5.45016077170418,113
translation_growth,RelativeWidth,9,0,26.3,26.300000000000054,4.716981132075472,100
translation_growth,RelativeWidth,9,1,46.800000000000004,46.79999999999971,4.8584905660377355,103
translation_growth,RelativeWidth,9,2,73.4,73.40000000000023,5.4245283018867925,115
translation_growth,RelativeWidth,10,0,26.7,26.70000000000001,4.678899082568807,102
translation_growth,RelativeWidth,10,1,47.699999999999996,47.69999999999995,4.862385321100917,106
translation_growth,RelativeWidth,10,2,75.0,75.00000000000003,5.458715596330275,119
translation_growth,OldTime,0,0,22.099999999999998,22.100002486210563,4.68,78
translation_growth,OldTime,0,1,38.199999999999996,38.1999883734349,4.859999999999999,81
translation_growth,OldTime,0,2,59.199999999999996,59.20000914035453,5.46,91
translation_growth,OldTime,1,0,22.599999999999994,21.719052217349876,4.859999999999999,81
translation_growth,OldTime,1,1,39.199999999999996,38.247652168873245,4.9799999999999995,83
translation_growth,OldTime,1,2,60.80000000000002,59.80000000000002,5.58,93
translation_growth,OldTime,2,0,23.0,22.0,4.9799999999999995,83
translation_growth,OldTime,2,1,40.1,39.1,5.16,86
translation_growth,OldTime,2,2,62.4,61.4,5.819999999999999,97
translation_growth,OldTime,3,0,23.6,22.6,5.1,85
translation_growth,OldTime,3,1,41.1,40.1,5.279999999999999,88
translation_growth,OldTime,3,2,64.0,63.0,5.9399999999999995,99
translation_growth,OldTime,4,0,24.0,23.0,5.22,87
translation_growth,OldTime,4,1,42.0,41.0,5.46,91
translation_growth,OldTime,4,2,65.5,64.5,6.12,102
translation_growth,OldTime,5,0,24.5,23.5,5.3999999999999995,90
translation_growth,OldTime,5,1,43.0,42.0,5.58,93
translation_growth,OldTime,5,2,67.1,66.1,6.24,104
translation_growth,OldTime,6,0,24.900000000000002,23.900000000000002,5.52,92
translation_growth,OldTime,6,1,43.9,42.9,5.76,96
translation_growth,OldTime,6,2,68.69999999999999,67.69999999999999,6.4799999999999995,108
translation_growth,OldTime,7,0,25.4,24.4,5.7,95
translation_growth,OldTime,7,1,44.9,43.9,5.88,98
translation_growth,OldTime,7,2,70.2,69.2,6.54,109
translation_growth,OldTime,8,0,25.8,24.8,5.819999999999999,97
translation_growth,OldTime,8,1,45.800000000000004,44.800000000000004,6.06,101
translation_growth,OldTime,8,2,71.80000000000001,70.80000000000001,6.779999999999999,113
translation_growth,OldTime,9,0,26.3,25.3,6.0,100
translation_growth,OldTime,9,1,46.800000000000004,45.800000000000004,6.18,103
translation_growth,OldTime,9,2,73.4,72.4,6.8999999999999995,115
translation_growth,OldTime,10,0,26.7,25.7,6.12,102
translation_growth,OldTime,10,1,47.699999999999996,46.699999999999996,6.359999999999999,106
translation_growth,OldTime,10,2,75.0,74.0,7.14,119
translation_growth,NoTime,0,0,22.099999999999998,22.100002486210563,4.68,78
translation_growth,NoTime,0,1,38.199999999999996,38.1999883734349,4.859999999999999,81
translation_growth,NoTime,0,2,59.199999999999996,59.20000914035453,5.46,91
translation_growth,NoTime,1,0,22.599999999999994,22.60000163391927,4.859999999999999,81
translation_growth,NoTime,1,1,39.199999999999996,39.19998889247347,4.9799999999999995,83
translation_growth,NoTime,1,2,60.80000000000002,60.80000947360726,5.58,93
translation_growth,NoTime,2,0,23.0,23.000002739129844,4.9799999999999995,83
translation_growth,NoTime,2,1,40.1,40.09998721468791,5.16,86
translation_growth,NoTime,2,2,62.4,62.40001004618225,5.819999999999999,97
translation_growth,NoTime,3,0,23.6,23.600002558140044,5.1,85
translation_growth,NoTime,3,1,41.1,41.099987321756885,5.279999999999999,88
translation_growth,NoTime,3,2,64.0,64.00001012010307,5.9399999999999995,99
translation_growth,NoTime,4,0,24.0,24.000000673639917,5.22,87
translation_growth,NoTime,4,1,42.0,41.99998916463882,5.46,91
translation_growth,NoTime,4,2,65.5,65.50001016172126,6.12,102
translation_growth,NoTime,5,0,24.5,24.500002182835,5.3999999999999995,90
translation_growth,NoTime,5,1,43.0,42.999987542884696,5.58,93
translation_growth,NoTime,5,2,67.1,67.1000102742803,6.24,104
translation_growth,NoTime,6,0,24.900000000000002,24.900000754855782,5.52,92
translation_growth,NoTime,6,1,43.9,43.899988168048424,5.76,96
translation_growth,NoTime,6,2,68.69999999999999,68.70001107709578,6.4799999999999995,108
translation_growth,NoTime,7,0,25.4,25.400001892897368,5.7,95
translation_growth,NoTime,7,1,44.9,44.89998771120725,5.88,98
translation_growth,NoTime,7,2,70.2,70.20001039589538,6.54,109
translation_growth,NoTime,8,0,25.8,25.8000007117477,5.819999999999999,97
translation_growth,NoTime,8,1,45.800000000000004,45.79998812594871,6.06,101
translation_growth,NoTime,8,2,71.80000000000001,71.8000111623036,6.779999999999999,113
translation_growth,NoTime,9,0,26.3,26.300002112276324,6.0,100
translation_growth,NoTime,9,1,46.800000000000004,46.79998657341379,6.18,103
translation_growth,NoTime,9,2,73.4,73.4000113143099,6.8999999999999995,115
translation_growth,NoTime,10,0,26.7,26.700000792478754,6.12,102
translation_growth,NoTime,10,1,47.699999999999996,47.69998712711769,6.359999999999999,106
translation_growth,NoTime,10,2,75.0,75.00001208040355,7.14,119
