run,method,calibration,rendered,iou_min,interior_only,reference_nmae,motion_step_nmae,trajectory_nmae,growth_step_log_mae,total_growth_log_mae,distance_nrmse,matched_pairs,growth_pairs,collapsed_intervals,features,reference_features,frames,seconds,affine_scale,affine_shift
direction90,TMTM,native,False,0.0,False,0.14832572794845283,0.10131911263954889,0.12337429955968471,9.658997190418402e-17,1.423370521064418e-16,0.5253227982356203,183,183,0,288,288,59,0.693876332952641,1.0,0.0
direction90,TMTM,first_frame_affine,False,0.0,False,0.14981823412410372,0.11094272985865873,0.13700835552300838,1.1439221610027387e-16,1.9883520117747954e-16,0.48978439829545267,183,183,0,288,288,59,0.693876332952641,1.1214496826763118,-6.629310439489409
direction90,TMTM,native,True,0.0,False,0.14832572794845283,0.10131911263954889,0.12337429955968471,9.658997190418402e-17,1.423370521064418e-16,0.5253227982356203,183,183,0,288,288,59,0.693876332952641,1.0,0.0
direction90,ST-MTM,native,False,0.0,False,0.3168365891630088,0.1102138994444289,0.23246922276306023,0.5402136599308125,0.45734001687088766,0.3021009258353031,183,183,0,288,288,59,0.7530370419844985,1.0,0.0
direction90,ST-MTM,first_frame_affine,False,0.0,False,0.27140884264450094,0.09319120686012888,0.19144811444741855,0.5402136599308126,0.45734001687088766,0.3553959290522911,183,183,0,288,288,59,0.7530370419844985,0.8090007453782954,10.42566209063736
direction90,ST-MTM,native,True,0.0,False,0.31683686604107286,0.11021255144070806,0.2324717647440998,0.5388409262832201,0.4573210390103829,0.30210114161298335,183,183,0,288,288,59,0.7530370419844985,1.0,0.0
direction90,RA-MTM,native,False,0.0,False,0.019243218514889124,0.020642975177241625,0.029896682523095703,6.858319316225245e-17,8.242927413434621e-17,0.39312054593974555,183,183,0,288,288,59,1.898150791064836,1.0,0.0
direction90,RA-MTM,first_frame_affine,False,0.0,False,0.019243218514889124,0.020642975177241625,0.029896682523095703,6.858319316225245e-17,8.242927413434621e-17,0.39312054593974555,183,183,0,288,288,59,1.898150791064836,1.0,0.0
direction90,RA-MTM,native,True,0.0,False,0.019243986647622325,0.020645920208055172,0.029895138541736126,0.024644565671739626,0.002015420286460066,0.39311897192660034,183,183,0,288,288,59,1.898150791064836,1.0,0.0
